id,full_name,email,role,status,country,is_verified,created_at,updated_at,last_login_at,failed_login_attempts,password_hash
12358cda-0216-49c2-bd64-ee214a4625ec,Jane Smith,jane@example.com,teacher,active,South Africa,True,2026-03-16 10:04:10.464386,2026-04-03 21:42:07.002881,2026-04-08 08:32:35.675309,1,
ee2497c8-8392-4949-a114-ef49c24ef6f5,Neo Mokoena,neo@example.com,student,suspended,South Africa,False,2026-03-22 10:04:10.464386,2026-04-03 21:42:07.002881,2026-04-04 08:32:35.675309,4,
eb4fa733-2102-4ff6-971c-ec351385a8a8,Sarah Lee,sarah@example.com,admin,active,Kenya,True,2026-03-26 10:04:10.464386,2026-04-03 21:42:07.002881,2026-03-08 08:32:35.675309,0,
e4a958af-7965-4bea-8498-1f6f669eca39,Mike Brown,mike@example.com,user,inactive,Botswana,False,2026-03-30 10:04:10.464386,2026-04-03 21:42:07.002881,2026-02-20 08:32:35.675309,2,
850ce265-7b89-45ec-802d-f4f66efef2ba,Alice Dube,alice@example.com,student,active,Zimbabwe,True,2026-04-03 10:04:10.464386,2026-04-03 21:42:07.002881,2026-04-09 04:32:35.675309,0,
f5185eb7-7ac4-4ade-84bf-2634f95f1398,Peter Ndlovu,peter@example.com,teacher,active,South Africa,False,2026-04-06 10:04:10.464386,2026-04-03 21:42:07.002881,2026-03-28 08:32:35.675309,5,
b8d3165e-e86c-4f72-9970-b18a28100e59,Lebo Khumalo,lebo@example.com,user,inactive,South Africa,True,2026-04-08 10:04:10.464386,2026-04-03 21:42:07.002881,2026-03-20 08:32:35.675309,1,
91151fc2-6737-4227-a82c-a5c54a570061,Thato Bilankulu,thato@example.com,admin,active,South Africa,True,2026-03-10 10:04:10.464386,2026-04-03 21:42:07.002881,2026-04-09 06:32:35.675309,0,$2b$12$VmG43vutQQK3EXdjZrNkZ.qLmjvEXjB5lxXQqWX.aqcDd9jmcvugm
15499560-1973-4317-b6e6-ac8e93d95b82,User 1,user1@example.com,user,active,,True,2026-03-25 13:20:29.200157,2026-04-09 10:08:12.278219,2026-03-18 22:10:09.493821,4,
82fad524-c8d1-4c00-8cd5-b6a08b0e32c8,User 2,user2@example.com,user,active,,True,2026-03-07 23:38:57.033076,2026-04-09 10:08:12.278219,2026-03-27 07:09:18.166296,5,
32c6ebee-fddc-47f5-8a82-2a504f00822c,User 3,user3@example.com,manager,active,,False,2026-02-27 21:29:15.172534,2026-04-09 10:08:12.278219,2026-03-17 20:48:39.226484,3,
65affb4b-3872-483b-9fc4-fd286844d397,User 4,user4@example.com,user,inactive,,True,2026-02-18 14:38:36.862547,2026-04-09 10:08:12.278219,2026-04-06 05:17:28.260076,4,
48bf8100-d4e8-4e70-b085-75199ffc0d4a,User 5,user5@example.com,admin,active,,True,2026-03-16 01:59:25.388568,2026-04-09 10:08:12.278219,2026-03-23 08:43:29.537122,1,
d93d0590-4fbb-4dc9-a934-6e6cf9a2ef67,User 6,user6@example.com,manager,active,,False,2026-04-04 07:31:13.026356,2026-04-09 10:08:12.278219,2026-03-14 18:27:42.912565,4,
b447541c-2ce3-46bd-958a-5d5ee271c310,User 7,user7@example.com,user,active,,True,2026-02-09 15:29:58.718787,2026-04-09 10:08:12.278219,2026-03-12 16:24:45.392314,3,
32a099f9-08c1-44d0-9e2f-242234f5d2c9,User 8,user8@example.com,user,inactive,,True,2026-03-25 01:06:07.829235,2026-04-09 10:08:12.278219,2026-03-27 08:18:34.327786,4,
d238bf9a-70f4-472b-80a4-62101b8bae12,User 9,user9@example.com,manager,active,,False,2026-02-23 13:35:46.987969,2026-04-09 10:08:12.278219,2026-03-20 17:17:22.717546,1,
820f3709-b5e4-4401-bed1-24f80cec60de,User 10,user10@example.com,admin,suspended,,True,2026-03-18 04:47:42.441662,2026-04-09 10:08:12.278219,2026-03-18 21:50:52.286383,0,
fa8a6aa6-09ef-484d-8a42-3a5211b85aa9,User 11,user11@example.com,user,active,,True,2026-03-24 17:52:23.340481,2026-04-09 10:08:12.278219,2026-04-04 18:30:29.896558,5,
0c3e3b3d-660b-4b6c-a26f-60e102fd01ca,User 12,user12@example.com,manager,inactive,,False,2026-03-23 20:33:24.122186,2026-04-09 10:08:12.278219,2026-04-07 05:55:35.109174,4,
3625aae0-0f0c-4a88-a092-558fd4bdbe77,User 13,user13@example.com,user,active,,True,2026-03-14 10:07:20.725325,2026-04-09 10:08:12.278219,2026-03-27 23:27:18.699187,1,
e02a570d-186d-4928-9106-5f915844182a,User 14,user14@example.com,user,active,,True,2026-02-21 07:53:25.066710,2026-04-09 10:08:12.278219,2026-04-02 06:22:58.399335,4,
1ada1271-75f7-4d00-83d7-c78f664250ba,User 15,user15@example.com,admin,active,,False,2026-04-08 00:18:15.989424,2026-04-09 10:08:12.278219,2026-03-11 07:34:59.911731,0,
259af31b-e2c5-447d-a12e-326b92eaff96,User 16,user16@example.com,user,inactive,,True,2026-03-07 20:01:43.399372,2026-04-09 10:08:12.278219,2026-04-07 17:08:22.089742,2,
03b9d6b6-44c6-43ad-afb4-c06decdc6496,User 17,user17@example.com,user,active,,True,2026-03-07 00:21:21.723737,2026-04-09 10:08:12.278219,2026-03-25 21:00:54.762156,0,
6fc0cd81-ac92-4d4c-b459-626c63c39641,User 18,user18@example.com,manager,active,,False,2026-02-17 15:29:36.583906,2026-04-09 10:08:12.278219,2026-03-31 20:09:15.139643,4,
91921ff0-2238-40b9-a727-a2c8208e73ec,User 19,user19@example.com,user,active,,True,2026-03-12 09:50:16.000482,2026-04-09 10:08:12.278219,2026-04-08 02:06:04.768656,5,
6a09a01a-d9fb-46d6-82ca-9c668b514df1,User 20,user20@example.com,admin,suspended,,True,2026-04-05 04:13:55.130257,2026-04-09 10:08:12.278219,2026-03-25 12:17:10.236060,5,
a6d38e16-407f-4f65-83e9-50e92d90ee5a,User 21,user21@example.com,manager,active,,False,2026-02-14 15:39:17.514053,2026-04-09 10:08:12.278219,2026-03-20 08:24:35.603638,4,
f4edefae-1663-4ced-a0ba-b75c2de1d129,User 22,user22@example.com,user,active,,True,2026-02-15 23:40:36.355841,2026-04-09 10:08:12.278219,2026-04-08 00:41:06.178820,4,
7898ac13-4358-4c03-82e7-bab2a15dc7dd,User 23,user23@example.com,user,active,,True,2026-04-07 21:53:33.514074,2026-04-09 10:08:12.278219,2026-03-23 07:18:11.257905,2,
e92f106c-40f7-4538-8d82-c82fd9b43c2a,User 24,user24@example.com,manager,inactive,,False,2026-03-27 23:22:17.547882,2026-04-09 10:08:12.278219,2026-03-19 11:41:03.347026,1,
b43f9232-8338-4894-8125-44f75c6f7213,User 25,user25@example.com,admin,active,,True,2026-03-13 02:32:16.703992,2026-04-09 10:08:12.278219,2026-04-02 13:27:38.459083,3,
9cdc13c0-9c7d-4d5f-81cd-7bad75f5d32b,User 26,user26@example.com,user,active,,True,2026-04-03 17:48:21.069581,2026-04-09 10:08:12.278219,2026-03-25 08:27:30.246428,1,
946531fc-0b7c-4ead-8833-1e78cd9d7254,User 27,user27@example.com,manager,active,,False,2026-02-13 19:45:55.477653,2026-04-09 10:08:12.278219,2026-04-02 12:45:49.371300,2,
e6f6c350-c7b3-416e-be3b-8e00a187b801,User 28,user28@example.com,user,inactive,,True,2026-03-31 23:53:09.905855,2026-04-09 10:08:12.278219,2026-03-24 09:43:00.830904,1,
9a256b78-3b5f-454b-bbea-ac5c531fad85,User 29,user29@example.com,user,active,,True,2026-02-27 14:56:00.736872,2026-04-09 10:08:12.278219,2026-04-07 15:22:27.924324,1,
7c48dfdb-543c-45c8-820a-cfc2e6f985b0,User 30,user30@example.com,admin,suspended,,False,2026-03-14 10:10:07.077986,2026-04-09 10:08:12.278219,2026-03-20 13:23:04.450655,1,
1ec1b95f-7fdc-4c66-8653-1af1164ed05f,User 31,user31@example.com,user,active,,True,2026-03-26 21:54:55.504494,2026-04-09 10:08:12.278219,2026-04-01 13:29:40.496477,2,
beda43fc-bb26-4d1a-bdd8-cac81ccaf9e7,User 32,user32@example.com,user,inactive,,True,2026-03-20 20:03:15.720063,2026-04-09 10:08:12.278219,2026-03-31 09:14:33.780717,5,
797bd2d6-da08-43fe-a973-df9fd9987a73,User 33,user33@example.com,manager,active,,False,2026-03-07 03:38:21.950998,2026-04-09 10:08:12.278219,2026-03-22 07:31:05.389056,3,
de2fcd7d-efbe-4bcd-9f17-51ac7158c0e5,User 34,user34@example.com,user,active,,True,2026-03-19 20:23:01.686140,2026-04-09 10:08:12.278219,2026-03-18 20:29:05.494066,4,
9e1599cb-63f9-4417-9540-81e04a8f5177,User 35,user35@example.com,admin,active,,True,2026-02-24 16:37:13.355344,2026-04-09 10:08:12.278219,2026-03-10 14:19:46.857754,1,
7719bf12-9ff5-4428-8aad-ee8314f30538,User 36,user36@example.com,manager,inactive,,False,2026-03-13 22:57:22.651494,2026-04-09 10:08:12.278219,2026-03-13 15:35:11.383989,2,
40cfde15-c701-4b6c-8f74-3fc5e41083f8,User 37,user37@example.com,user,active,,True,2026-03-01 00:49:56.406736,2026-04-09 10:08:12.278219,2026-03-13 09:08:01.659423,0,
c1a73b76-63b7-417f-801d-2ca917bdd8cf,User 38,user38@example.com,user,active,,True,2026-02-18 14:33:30.913426,2026-04-09 10:08:12.278219,2026-03-26 20:33:32.230917,3,
921e2fe8-2663-4401-bfd8-2c7fb06f2efe,User 39,user39@example.com,manager,active,,False,2026-03-27 12:05:52.755411,2026-04-09 10:08:12.278219,2026-04-07 02:35:43.291003,2,
f91f8f88-3d50-434f-9e44-502746d14fdb,User 40,user40@example.com,admin,suspended,,True,2026-03-21 13:55:11.119793,2026-04-09 10:08:12.278219,2026-04-08 19:06:08.640302,1,
b30d4ef3-7145-4250-8b1c-73593f93f5a4,User 41,user41@example.com,user,active,,True,2026-04-01 19:32:05.557596,2026-04-09 10:08:12.278219,2026-03-16 09:27:52.057664,3,
c3104e34-fad2-4918-ab35-34e2089baac8,User 42,user42@example.com,manager,active,,False,2026-03-20 21:49:54.117165,2026-04-09 10:08:12.278219,2026-03-19 03:45:40.668991,2,
b380c49e-96c3-4fb0-8287-e86e811503bd,User 43,user43@example.com,user,active,,True,2026-02-21 04:49:22.943336,2026-04-09 10:08:12.278219,2026-03-16 21:17:46.467792,3,
a8604273-dd85-448a-b760-9d97fe15508e,User 44,user44@example.com,user,inactive,,True,2026-02-12 21:50:27.058339,2026-04-09 10:08:12.278219,2026-04-07 11:24:23.036023,0,
27189c9c-fe63-479c-afe4-4f36d6c81342,User 45,user45@example.com,admin,active,,False,2026-02-13 09:25:20.122002,2026-04-09 10:08:12.278219,2026-04-05 22:24:50.485489,3,
17f88913-9848-4349-9584-318dadf6d4e8,User 46,user46@example.com,user,active,,True,2026-04-03 19:25:41.912088,2026-04-09 10:08:12.278219,2026-04-07 09:40:08.171260,4,
cbfd5497-d53e-4b77-9e68-eddc73274354,User 47,user47@example.com,user,active,,True,2026-03-21 21:38:22.104869,2026-04-09 10:08:12.278219,2026-03-25 06:15:33.138372,2,
e56f8df3-75f4-482e-bedd-91f9dd9ae32d,User 48,user48@example.com,manager,inactive,,False,2026-03-13 14:46:03.598754,2026-04-09 10:08:12.278219,2026-04-04 14:19:42.888523,1,
38ad2c22-8720-433c-a7e5-ad33975dd719,User 49,user49@example.com,user,active,,True,2026-02-23 03:40:16.719048,2026-04-09 10:08:12.278219,2026-04-05 04:21:25.914634,4,
0cfa707e-85b9-42e6-8a07-d4fb0f608d1f,User 50,user50@example.com,admin,suspended,,True,2026-03-27 21:24:53.442554,2026-04-09 10:08:12.278219,2026-03-26 16:06:02.285550,2,
6b2d7557-43ef-45d3-85f6-cf657e613fce,User 51,user51@example.com,manager,active,,False,2026-02-19 10:59:01.329232,2026-04-09 10:08:12.278219,2026-03-23 08:09:30.502009,0,
4ce4884c-d936-4b87-b357-aeb8a54029c3,User 52,user52@example.com,user,inactive,,True,2026-03-16 10:23:14.511782,2026-04-09 10:08:12.278219,2026-03-14 02:00:40.563971,1,
401792cf-8cc2-4a53-bfd4-e45815dd2439,User 53,user53@example.com,user,active,,True,2026-03-15 02:30:44.431110,2026-04-09 10:08:12.278219,2026-03-12 11:48:32.062777,2,
16b249e2-110a-4df5-96a4-e5540165603d,User 54,user54@example.com,manager,active,,False,2026-03-26 00:26:48.646327,2026-04-09 10:08:12.278219,2026-03-12 18:31:59.952580,2,
dce48cfe-7663-4375-8203-cc80244f8226,User 55,user55@example.com,admin,active,,True,2026-02-19 06:16:51.817357,2026-04-09 10:08:12.278219,2026-04-05 09:11:05.455446,0,
b46282e3-3035-4e07-9bf8-998fc7ccc0e7,User 56,user56@example.com,user,inactive,,True,2026-03-18 03:16:58.435764,2026-04-09 10:08:12.278219,2026-03-29 14:38:45.597842,1,
7eb9b18c-fd8c-4a1e-878d-d3f4bcfd004d,User 57,user57@example.com,manager,active,,False,2026-04-07 07:49:10.748327,2026-04-09 10:08:12.278219,2026-03-30 13:23:34.282241,4,
39114930-df10-4bf2-a421-a2385b827efc,User 58,user58@example.com,user,active,,True,2026-03-07 07:25:15.859856,2026-04-09 10:08:12.278219,2026-03-15 11:32:42.348652,4,
6f49ffd8-1183-4b45-b7c5-c4434521922f,User 59,user59@example.com,user,active,,True,2026-02-14 15:35:00.574396,2026-04-09 10:08:12.278219,2026-03-30 11:28:51.587288,3,
343176dc-beb6-4ba6-a314-d7d79d6aa1f6,User 60,user60@example.com,admin,suspended,,False,2026-03-19 05:25:27.155658,2026-04-09 10:08:12.278219,2026-03-21 03:42:42.514162,5,
b794a059-9f35-4704-8996-c4e9e1484e5a,User 61,user61@example.com,user,active,,True,2026-03-26 04:44:22.897959,2026-04-09 10:08:12.278219,2026-04-01 09:59:32.463278,0,
bbc68acc-a135-483e-a9de-e9aebd297e88,User 62,user62@example.com,user,active,,True,2026-02-21 13:35:33.496659,2026-04-09 10:08:12.278219,2026-03-31 11:40:51.231321,4,
3e84e5af-7f45-497f-85ff-5d92db6ad486,User 63,user63@example.com,manager,active,,False,2026-03-25 08:19:39.616650,2026-04-09 10:08:12.278219,2026-03-17 17:16:30.710999,4,
aa8af17e-99e9-4b93-9f58-0e3351b283ef,User 64,user64@example.com,user,inactive,,True,2026-03-18 18:28:57.019434,2026-04-09 10:08:12.278219,2026-04-09 00:37:55.677796,1,
d6951231-2f74-4883-8ec2-dfcaa9a553fe,User 65,user65@example.com,admin,active,,True,2026-02-19 21:54:59.405635,2026-04-09 10:08:12.278219,2026-04-05 23:45:30.054282,4,
aa103dca-4970-47d1-98d3-823b5d2eb1e7,User 66,user66@example.com,manager,active,,False,2026-03-27 12:16:07.891978,2026-04-09 10:08:12.278219,2026-03-21 07:12:14.006756,5,
51ed0aef-c426-4e43-8c28-25412ed26c4b,User 67,user67@example.com,user,active,,True,2026-03-15 18:38:40.835033,2026-04-09 10:08:12.278219,2026-03-23 17:14:32.307247,2,
3dc822f8-c924-49b3-a0f5-d10f11fa4eaa,User 68,user68@example.com,user,inactive,,True,2026-03-20 17:32:38.367107,2026-04-09 10:08:12.278219,2026-03-29 17:34:53.141655,4,
4e0cc065-02f2-4ffb-8c7a-53ef8f1cebcb,User 69,user69@example.com,manager,active,,False,2026-03-07 13:18:00.910879,2026-04-09 10:08:12.278219,2026-03-10 15:59:29.339667,4,
dd5f28ca-f22e-4dc8-b2cb-47c0fd0e53d3,User 70,user70@example.com,admin,suspended,,True,2026-02-23 14:32:03.764556,2026-04-09 10:08:12.278219,2026-04-08 05:57:48.672328,2,
a49f12d8-704c-4d21-a6ca-dd53c982193c,User 71,user71@example.com,user,active,,True,2026-03-19 23:41:51.190343,2026-04-09 10:08:12.278219,2026-03-24 03:22:27.101084,2,
54471fb0-0ea0-4af1-900b-a4fa126a031a,User 72,user72@example.com,manager,inactive,,False,2026-03-09 03:10:44.226668,2026-04-09 10:08:12.278219,2026-04-03 17:25:51.809029,3,
8e66611e-8fa4-437b-a520-617bfe3e9e00,User 73,user73@example.com,user,active,,True,2026-03-11 02:15:41.251790,2026-04-09 10:08:12.278219,2026-04-07 02:41:16.541517,2,
ac605a6e-573f-4b5e-9393-56bedbae2d62,User 74,user74@example.com,user,active,,True,2026-03-03 02:08:30.005969,2026-04-09 10:08:12.278219,2026-03-15 21:11:15.986207,3,
3f97a7ba-8d3e-46c0-aded-e40b2915117e,User 75,user75@example.com,admin,active,,False,2026-02-18 14:29:45.479535,2026-04-09 10:08:12.278219,2026-03-26 10:20:04.262867,1,
66198b85-9305-4da7-b273-456601155ee9,User 76,user76@example.com,user,inactive,,True,2026-04-01 04:22:05.537304,2026-04-09 10:08:12.278219,2026-03-29 20:48:13.543576,5,
09f2b063-cefb-4892-9a10-b700fc2ff71c,User 77,user77@example.com,user,active,,True,2026-03-01 13:31:51.100016,2026-04-09 10:08:12.278219,2026-03-16 23:12:19.905392,3,
6e7cbcdf-1609-4f8c-b182-7e1045ba8034,User 78,user78@example.com,manager,active,,False,2026-03-23 12:30:54.680144,2026-04-09 10:08:12.278219,2026-03-21 09:11:27.621743,5,
e2ee906e-f598-4acb-814d-8aa91aae97d4,User 79,user79@example.com,user,active,,True,2026-03-27 05:02:06.815089,2026-04-09 10:08:12.278219,2026-03-26 12:47:40.695119,3,
2e080787-e938-4da0-8fbe-abb764ce40ac,User 80,user80@example.com,admin,suspended,,True,2026-04-01 20:29:49.265140,2026-04-09 10:08:12.278219,2026-03-26 12:44:34.835689,0,
6f460dec-6e9a-4ed9-bf41-0d7b759a7abd,User 81,user81@example.com,manager,active,,False,2026-03-08 17:18:29.481871,2026-04-09 10:08:12.278219,2026-04-06 12:17:48.062966,2,
986efed4-cbc6-4ce2-9cd5-909289e46864,User 82,user82@example.com,user,active,,True,2026-04-07 20:10:53.991380,2026-04-09 10:08:12.278219,2026-03-25 05:39:22.659439,3,
5c886fee-cafa-4bfe-943f-6c0c26256895,User 83,user83@example.com,user,active,,True,2026-03-09 07:47:16.541870,2026-04-09 10:08:12.278219,2026-04-06 18:58:01.226504,2,
6cb9b9f3-adbf-41b5-955f-fb90301ad279,User 84,user84@example.com,manager,inactive,,False,2026-03-15 23:01:39.166773,2026-04-09 10:08:12.278219,2026-04-05 19:49:12.722618,5,
b43dc66e-47e1-485c-9b4d-07eb6bfa86d2,User 85,user85@example.com,admin,active,,True,2026-03-25 10:09:45.207025,2026-04-09 10:08:12.278219,2026-03-28 18:41:34.377302,0,
a8330e03-84dd-45f5-9b4c-3bbe1a2bf592,User 86,user86@example.com,user,active,,True,2026-03-28 03:08:40.444558,2026-04-09 10:08:12.278219,2026-03-31 22:21:21.855688,3,
3cec793d-7aa3-48bd-9ac9-e6a0d7558b75,User 87,user87@example.com,manager,active,,False,2026-03-05 04:10:52.219332,2026-04-09 10:08:12.278219,2026-03-15 16:54:54.771998,2,
ea6a1a10-29be-4939-88cd-966e81c4c5a7,User 88,user88@example.com,user,inactive,,True,2026-03-20 16:53:34.549379,2026-04-09 10:08:12.278219,2026-04-07 14:43:37.495108,4,
d445c7a2-2f5a-4e57-9cc1-a1ac96eb7004,User 89,user89@example.com,user,active,,True,2026-04-08 19:52:25.763038,2026-04-09 10:08:12.278219,2026-03-31 20:12:34.659159,1,
4e1fbeb8-4bda-42df-bcea-abfb46ecedaf,User 90,user90@example.com,admin,suspended,,False,2026-03-04 15:50:49.234901,2026-04-09 10:08:12.278219,2026-03-18 12:58:06.955891,0,
fd04b111-6bcc-414f-9ac9-94cfc316b228,User 91,user91@example.com,user,active,,True,2026-02-18 18:45:04.389090,2026-04-09 10:08:12.278219,2026-03-12 09:32:50.456738,0,
2610231d-507b-4869-8bec-0fcf93ba1056,User 92,user92@example.com,user,inactive,,True,2026-02-24 10:47:24.037805,2026-04-09 10:08:12.278219,2026-03-28 00:49:25.801102,3,
9c061bfc-67e1-4ec3-be5c-c68a831c8847,User 93,user93@example.com,manager,active,,False,2026-03-26 17:43:45.415505,2026-04-09 10:08:12.278219,2026-04-05 08:10:42.834409,5,
68ad5c69-a092-44f8-aa77-6c3e6fa6bcbe,User 94,user94@example.com,user,active,,True,2026-02-24 08:34:22.287917,2026-04-09 10:08:12.278219,2026-03-24 05:49:45.544759,5,
0de362e8-2af1-4495-bcc3-6d96a0284b47,User 95,user95@example.com,admin,active,,True,2026-03-10 04:20:29.539179,2026-04-09 10:08:12.278219,2026-03-27 11:38:03.620168,5,
a1948a5e-4d53-4c5a-9316-cbc4456a3149,User 96,user96@example.com,manager,inactive,,False,2026-02-10 04:12:03.206488,2026-04-09 10:08:12.278219,2026-03-31 16:34:32.961835,0,
6d4e5742-c9f9-4349-9968-5da7ded71ebf,User 97,user97@example.com,user,active,,True,2026-02-25 04:46:55.603298,2026-04-09 10:08:12.278219,2026-03-24 06:01:12.081334,0,
a0d01959-cbe9-4584-991d-486368962020,User 98,user98@example.com,user,active,,True,2026-04-05 23:38:57.683583,2026-04-09 10:08:12.278219,2026-03-18 08:42:25.724434,4,
8894a513-41af-4764-8dde-969505bb63c0,User 99,user99@example.com,manager,active,,False,2026-02-13 01:03:53.456335,2026-04-09 10:08:12.278219,2026-04-03 13:36:01.783033,5,
b7bf9298-2199-4837-95d0-07953e74aca4,User 100,user100@example.com,admin,suspended,,True,2026-03-27 18:59:25.316986,2026-04-09 10:08:12.278219,2026-04-04 14:43:31.248641,2,
b51010b2-07ef-44d0-bb69-d6880346a89a,User 101,user101@example.com,user,active,,True,2026-02-09 12:30:50.548599,2026-04-09 10:08:12.278219,2026-04-01 15:39:18.263834,1,
d7356243-5e69-4a27-8442-c431a8f87219,User 102,user102@example.com,manager,active,,False,2026-04-07 19:57:53.469212,2026-04-09 10:08:12.278219,2026-03-29 12:54:28.739320,5,
852a737d-d1f6-4d88-93c5-140cc00275bc,User 103,user103@example.com,user,active,,True,2026-02-24 02:01:34.153286,2026-04-09 10:08:12.278219,2026-03-14 00:32:11.222444,1,
4c328ee1-6cde-41a5-a205-428ea6e3ca2e,User 104,user104@example.com,user,inactive,,True,2026-03-24 23:09:15.546940,2026-04-09 10:08:12.278219,2026-03-25 19:58:04.149412,3,
dc4647ba-19da-4fe2-b553-da69cb550d80,User 105,user105@example.com,admin,active,,False,2026-03-21 03:22:46.575167,2026-04-09 10:08:12.278219,2026-03-11 01:20:04.566654,3,
30d013b2-a608-4bf7-b43b-b6b5f4336c27,User 106,user106@example.com,user,active,,True,2026-03-03 14:16:05.476303,2026-04-09 10:08:12.278219,2026-03-22 00:12:16.514553,3,
479453b5-c142-4e86-9a7d-0db09d1ce2b6,User 107,user107@example.com,user,active,,True,2026-02-27 20:47:31.603892,2026-04-09 10:08:12.278219,2026-04-04 06:33:06.320624,3,
3295ef8f-efe9-473b-87d6-fda668d5282a,User 108,user108@example.com,manager,inactive,,False,2026-02-18 05:46:52.893106,2026-04-09 10:08:12.278219,2026-03-12 10:06:20.455427,4,
d1b8beed-2f63-42cc-b167-b3221f7500fe,User 109,user109@example.com,user,active,,True,2026-02-28 04:13:04.102736,2026-04-09 10:08:12.278219,2026-03-16 05:53:00.611875,2,
b74b8f56-dc11-48a2-ba79-b99631fcbdfa,User 110,user110@example.com,admin,suspended,,True,2026-03-05 20:25:39.108825,2026-04-09 10:08:12.278219,2026-03-23 14:49:09.504461,5,
d5ad5bef-a6fe-42e3-95bd-325e954d8466,User 111,user111@example.com,manager,active,,False,2026-04-03 11:02:09.941922,2026-04-09 10:08:12.278219,2026-03-19 01:52:26.495070,1,
e013cd6a-9f62-4e74-9554-1db6cbad1fe2,User 112,user112@example.com,user,inactive,,True,2026-02-18 00:23:16.373222,2026-04-09 10:08:12.278219,2026-04-04 22:46:11.189164,1,
71c649d2-bb90-41cb-9547-33959318f355,User 113,user113@example.com,user,active,,True,2026-02-12 06:36:22.848455,2026-04-09 10:08:12.278219,2026-03-20 09:28:41.189450,5,
b85d6d88-ec4d-4a4b-a366-67235909b77c,User 114,user114@example.com,manager,active,,False,2026-02-16 12:40:32.762884,2026-04-09 10:08:12.278219,2026-03-16 19:58:10.608153,3,
95917768-ba4f-40a0-8b43-620233904aff,User 115,user115@example.com,admin,active,,True,2026-03-28 11:50:37.321141,2026-04-09 10:08:12.278219,2026-03-23 20:38:38.901606,0,
65e08967-be26-4775-877b-0d9a4e8841b7,User 116,user116@example.com,user,inactive,,True,2026-04-01 06:26:14.151586,2026-04-09 10:08:12.278219,2026-03-25 09:31:36.662062,0,
d03b21b8-e3e3-43a8-a002-6b83c5140e9f,User 117,user117@example.com,manager,active,,False,2026-03-26 09:29:32.264805,2026-04-09 10:08:12.278219,2026-03-26 02:27:10.934605,3,
126dc759-7da9-44a9-8d73-56ddc0fe9185,User 118,user118@example.com,user,active,,True,2026-03-11 03:01:16.278994,2026-04-09 10:08:12.278219,2026-03-30 20:12:36.081567,3,
a50e0353-45cf-45da-9aaf-52489c6eddbb,User 119,user119@example.com,user,active,,True,2026-03-10 05:31:52.835561,2026-04-09 10:08:12.278219,2026-03-30 22:17:21.904388,1,
69bda78c-bc1a-4560-9777-a422a612e2b9,User 120,user120@example.com,admin,suspended,,False,2026-03-19 19:48:12.824688,2026-04-09 10:08:12.278219,2026-03-24 13:03:58.076849,3,
e64b3420-bdd6-42e9-a8cc-9edc08d3071f,User 121,user121@example.com,user,active,,True,2026-04-04 16:33:14.153634,2026-04-09 10:08:12.278219,2026-03-17 01:57:54.260075,3,
8ce47296-d340-4669-8b47-a30d7abe5205,User 122,user122@example.com,user,active,,True,2026-03-05 18:00:39.317456,2026-04-09 10:08:12.278219,2026-04-01 09:52:35.197828,3,
2a05564a-c4af-4131-b3e7-7b67e1623ae4,User 123,user123@example.com,manager,active,,False,2026-03-06 09:20:00.469864,2026-04-09 10:08:12.278219,2026-04-06 09:15:40.417170,1,
f8329070-b079-4c51-98b1-a6f961c694cc,User 124,user124@example.com,user,inactive,,True,2026-03-16 05:52:15.026850,2026-04-09 10:08:12.278219,2026-03-15 02:46:39.578273,1,
3177c357-5c0a-432a-965b-5e5c90b34269,User 125,user125@example.com,admin,active,,True,2026-02-14 05:44:49.228538,2026-04-09 10:08:12.278219,2026-03-26 08:38:04.320395,2,
73135da5-92c1-4e0c-8493-32e507f4af6d,User 126,user126@example.com,manager,active,,False,2026-03-16 15:42:45.457818,2026-04-09 10:08:12.278219,2026-03-13 14:16:59.202997,1,
d9b459d1-d92a-4f42-9761-2c8dcaf829e5,User 127,user127@example.com,user,active,,True,2026-03-26 12:26:38.093433,2026-04-09 10:08:12.278219,2026-04-03 05:00:24.410461,2,
caf1d154-3767-4d88-8bb8-72b73f2321e3,User 128,user128@example.com,user,inactive,,True,2026-03-30 05:05:19.242132,2026-04-09 10:08:12.278219,2026-04-09 08:26:19.434288,3,
9f5f1afe-c693-4b36-a348-ddc3d7a88a44,User 129,user129@example.com,manager,active,,False,2026-04-02 09:41:57.157472,2026-04-09 10:08:12.278219,2026-03-13 13:23:31.394843,2,
38588833-1350-4559-a824-c90eba39b4de,User 130,user130@example.com,admin,suspended,,True,2026-04-06 17:10:50.265232,2026-04-09 10:08:12.278219,2026-03-13 02:34:52.854829,2,
b881bdfa-6a62-4a4a-8de2-7b2087e37f34,User 131,user131@example.com,user,active,,True,2026-03-04 02:06:13.544767,2026-04-09 10:08:12.278219,2026-04-09 05:28:49.801185,2,
398d82cb-7b6d-47ab-bf57-6200bc95ce97,User 132,user132@example.com,manager,inactive,,False,2026-03-28 13:54:38.097227,2026-04-09 10:08:12.278219,2026-03-28 07:03:04.865608,3,
53b41cb6-2a03-4c38-a8da-89da9bbccb6d,User 133,user133@example.com,user,active,,True,2026-03-24 21:28:28.012194,2026-04-09 10:08:12.278219,2026-03-21 18:48:17.218253,2,
5106e66f-8ecb-4a90-800e-79ef88e6bcda,User 134,user134@example.com,user,active,,True,2026-03-09 19:45:51.956639,2026-04-09 10:08:12.278219,2026-04-08 21:40:23.382262,4,
7b20989f-34e6-4e78-abdd-10b004f07b65,User 135,user135@example.com,admin,active,,False,2026-02-21 02:09:42.473562,2026-04-09 10:08:12.278219,2026-04-03 03:35:40.702965,2,
52bdb904-3091-4230-98eb-2847dac21c6d,User 136,user136@example.com,user,inactive,,True,2026-03-15 20:18:59.702019,2026-04-09 10:08:12.278219,2026-03-11 00:42:03.832563,1,
aa5f62ca-9339-4e93-8cc4-5f80c1d2fd41,User 137,user137@example.com,user,active,,True,2026-03-16 15:56:46.341554,2026-04-09 10:08:12.278219,2026-03-26 08:17:27.896081,1,
8b24c4e0-e510-4edd-8982-831be57fcdf5,User 138,user138@example.com,manager,active,,False,2026-02-09 16:06:49.491320,2026-04-09 10:08:12.278219,2026-03-13 12:30:14.695678,3,
dae5ef73-89b2-4653-a285-88167c9254c5,User 139,user139@example.com,user,active,,True,2026-03-06 16:10:18.938111,2026-04-09 10:08:12.278219,2026-03-18 00:16:24.510075,4,
aa7894c2-cac3-4301-9e4e-ae473041a550,User 140,user140@example.com,admin,suspended,,True,2026-02-28 21:19:06.221936,2026-04-09 10:08:12.278219,2026-04-02 04:48:06.308550,0,
b7ccd7c1-2efd-46f7-9acc-0ebcdfca3bfe,User 141,user141@example.com,manager,active,,False,2026-03-19 07:51:53.682526,2026-04-09 10:08:12.278219,2026-04-09 08:31:14.698150,3,
8ccd9f49-a746-4353-8e91-e59db23316da,User 142,user142@example.com,user,active,,True,2026-02-11 20:23:10.254144,2026-04-09 10:08:12.278219,2026-03-23 16:11:55.770248,5,
792401fb-7b6b-4871-afa6-b0a49f087fdb,User 143,user143@example.com,user,active,,True,2026-03-27 15:41:28.676162,2026-04-09 10:08:12.278219,2026-04-03 10:14:38.394438,1,
004419b4-7d5f-4ece-a12f-731f7291708d,User 144,user144@example.com,manager,inactive,,False,2026-02-23 06:34:45.765100,2026-04-09 10:08:12.278219,2026-03-14 08:44:35.552986,3,
2f410aca-7747-4a15-9885-2caafe70e22c,User 145,user145@example.com,admin,active,,True,2026-03-20 15:56:37.821389,2026-04-09 10:08:12.278219,2026-04-01 20:15:53.262336,2,
4c9920e8-87fa-47d3-81a6-b93ce883bef9,User 146,user146@example.com,user,active,,True,2026-03-03 02:39:58.797592,2026-04-09 10:08:12.278219,2026-03-11 14:32:49.544089,5,
c160e01f-bb96-42c0-9d90-caac21c93631,User 147,user147@example.com,manager,active,,False,2026-03-22 13:07:54.568546,2026-04-09 10:08:12.278219,2026-03-14 17:19:48.791092,1,
774dd099-d04a-4cba-b90a-957d18eb0be6,User 148,user148@example.com,user,inactive,,True,2026-03-24 20:44:53.296987,2026-04-09 10:08:12.278219,2026-04-05 03:29:36.980610,3,
bed8f756-74df-4efa-b90e-a5048dedb842,User 149,user149@example.com,user,active,,True,2026-02-12 15:25:30.182586,2026-04-09 10:08:12.278219,2026-04-07 16:17:08.696107,1,
0220a495-c44c-47f2-88fe-332542c7272b,User 150,user150@example.com,admin,suspended,,False,2026-02-23 11:23:36.955660,2026-04-09 10:08:12.278219,2026-04-08 15:00:09.891981,2,
3f61c783-2de0-46d5-91c0-7dbd2bed751a,User 151,user151@example.com,user,active,,True,2026-02-09 11:49:07.701483,2026-04-09 10:08:12.278219,2026-03-17 10:00:52.055336,1,
d38ac57e-5c92-4d82-9338-798dc5398f0c,User 152,user152@example.com,user,inactive,,True,2026-02-15 01:12:31.872774,2026-04-09 10:08:12.278219,2026-03-28 08:26:32.177051,2,
31c0ee5b-43e4-4bfe-b268-f8fbfd40ac0a,User 153,user153@example.com,manager,active,,False,2026-04-02 12:56:28.142362,2026-04-09 10:08:12.278219,2026-04-07 04:37:08.420991,1,
a65de510-ec1b-45d3-9047-aeec2304df9e,User 154,user154@example.com,user,active,,True,2026-03-14 15:22:27.088455,2026-04-09 10:08:12.278219,2026-03-29 02:10:03.808804,0,
0c14d7e7-c492-4300-bb7c-587d9bc06197,User 155,user155@example.com,admin,active,,True,2026-04-03 21:27:40.251414,2026-04-09 10:08:12.278219,2026-04-09 00:59:19.860266,3,
306730a2-a9df-4cf1-97b4-b1c5d4708522,User 156,user156@example.com,manager,inactive,,False,2026-04-04 15:08:13.989869,2026-04-09 10:08:12.278219,2026-03-10 23:55:26.985740,1,
4178efc8-7d23-445c-809d-99403c37a34e,User 157,user157@example.com,user,active,,True,2026-02-23 01:18:57.952157,2026-04-09 10:08:12.278219,2026-03-19 20:54:27.065127,4,
8146268c-2e92-439f-8ae4-5be47bd85db2,User 158,user158@example.com,user,active,,True,2026-03-05 19:59:43.935870,2026-04-09 10:08:12.278219,2026-04-01 23:32:07.003493,2,
e0f2c3ed-8ef1-4210-bf9b-dad0992cc70f,User 159,user159@example.com,manager,active,,False,2026-04-05 05:16:49.737122,2026-04-09 10:08:12.278219,2026-03-29 11:56:15.112693,4,
c5d4fa19-67fa-4635-be2b-f24a161e4647,User 160,user160@example.com,admin,suspended,,True,2026-02-26 00:56:55.698380,2026-04-09 10:08:12.278219,2026-03-22 05:06:28.750108,4,
53e1dd9c-6241-402e-8a5c-0e6def4e7e89,User 161,user161@example.com,user,active,,True,2026-04-04 16:55:42.024581,2026-04-09 10:08:12.278219,2026-04-04 23:41:24.948613,1,
3a7de120-9a76-46a1-8499-23363e6c0fa4,User 162,user162@example.com,manager,active,,False,2026-03-18 06:50:10.807195,2026-04-09 10:08:12.278219,2026-03-22 20:24:38.382896,4,
84d353ee-c7e8-4343-8a8f-7e69dd1fc41c,User 163,user163@example.com,user,active,,True,2026-02-18 08:18:52.481064,2026-04-09 10:08:12.278219,2026-03-27 05:53:23.039258,3,
e34fecc7-b05b-42d7-9ade-d636d1fa4b21,User 164,user164@example.com,user,inactive,,True,2026-02-08 20:32:37.227393,2026-04-09 10:08:12.278219,2026-04-01 05:57:05.889361,3,
4267180c-28bc-4694-a1c0-357cc48afbb4,User 165,user165@example.com,admin,active,,False,2026-03-11 08:33:54.446780,2026-04-09 10:08:12.278219,2026-04-03 14:16:52.677783,5,
a6894279-e721-42c1-a7f4-2aede0b54be6,User 166,user166@example.com,user,active,,True,2026-02-21 18:17:42.176998,2026-04-09 10:08:12.278219,2026-03-14 05:58:03.409803,1,
cb06ee98-df80-44a0-a40f-5b02d1d594ab,User 167,user167@example.com,user,active,,True,2026-02-13 01:31:06.435611,2026-04-09 10:08:12.278219,2026-03-24 15:18:30.498281,4,
8804bc50-bb30-4aee-93d8-cfd832832661,User 168,user168@example.com,manager,inactive,,False,2026-03-02 05:52:50.975463,2026-04-09 10:08:12.278219,2026-04-01 10:54:25.014820,4,
8fa1231f-3bc8-4605-8728-a538d656f8d6,User 169,user169@example.com,user,active,,True,2026-03-24 20:19:25.670586,2026-04-09 10:08:12.278219,2026-03-29 16:09:46.146876,4,
ad57e260-7d0c-41d3-b449-05cadd9cef07,User 170,user170@example.com,admin,suspended,,True,2026-03-03 03:02:37.343436,2026-04-09 10:08:12.278219,2026-03-28 19:47:18.682725,5,
f3538881-eef0-45a2-87bc-a6ba2d096449,User 171,user171@example.com,manager,active,,False,2026-02-11 02:46:24.469911,2026-04-09 10:08:12.278219,2026-03-15 11:48:43.108136,3,
1a3e9819-4fbe-4155-8b76-bb0a24a241c6,User 172,user172@example.com,user,inactive,,True,2026-04-07 17:27:08.959715,2026-04-09 10:08:12.278219,2026-03-29 10:24:44.152711,2,
138aeb45-f743-401a-99f6-835313132637,User 173,user173@example.com,user,active,,True,2026-04-07 23:00:32.228401,2026-04-09 10:08:12.278219,2026-04-03 22:41:26.520902,5,
62ed9133-186b-4b48-802d-3f3deb2806b6,User 174,user174@example.com,manager,active,,False,2026-02-15 07:31:55.768037,2026-04-09 10:08:12.278219,2026-03-29 09:39:31.209423,2,
8e136cae-c057-45ba-991c-34c6f5e4fffa,User 175,user175@example.com,admin,active,,True,2026-02-23 08:34:42.711065,2026-04-09 10:08:12.278219,2026-03-14 22:08:13.529886,5,
9a4541dc-0ce2-484b-bc57-a6a27da938f4,User 176,user176@example.com,user,inactive,,True,2026-03-25 02:55:03.955254,2026-04-09 10:08:12.278219,2026-03-29 05:03:59.051226,4,
2bd2e90d-751f-4997-bf2d-cda5aa638474,User 177,user177@example.com,manager,active,,False,2026-03-03 02:15:42.810631,2026-04-09 10:08:12.278219,2026-04-04 21:35:00.895182,2,
5d23a74d-b6a7-4c68-bde7-4b44b27d4ea7,User 178,user178@example.com,user,active,,True,2026-04-01 14:48:40.443428,2026-04-09 10:08:12.278219,2026-04-06 04:22:05.094432,4,
e8a45423-284e-4642-b46c-c022be6efa04,User 179,user179@example.com,user,active,,True,2026-02-17 08:00:29.233597,2026-04-09 10:08:12.278219,2026-03-11 17:43:42.790839,3,
8466e1ac-5c5c-48f0-9f28-2c96ddbc8944,User 180,user180@example.com,admin,suspended,,False,2026-03-20 14:29:28.071072,2026-04-09 10:08:12.278219,2026-03-25 03:33:45.091060,3,
d90f755a-3284-4984-b3ae-ea3770f9a520,User 181,user181@example.com,user,active,,True,2026-03-11 17:24:39.561722,2026-04-09 10:08:12.278219,2026-03-20 23:50:27.378989,0,
d9a13358-0a12-4328-a016-f084eceaefb4,User 182,user182@example.com,user,active,,True,2026-02-09 22:50:59.293315,2026-04-09 10:08:12.278219,2026-04-07 17:19:57.368631,5,
98b5dfb0-7569-4708-ba1d-fa4076b91780,User 183,user183@example.com,manager,active,,False,2026-03-07 01:15:09.933589,2026-04-09 10:08:12.278219,2026-03-24 23:01:23.825729,5,
19c768ea-df9c-4c0e-8a78-13e3122b7d61,User 184,user184@example.com,user,inactive,,True,2026-03-13 20:17:17.522782,2026-04-09 10:08:12.278219,2026-03-27 21:18:51.297640,1,
4ff5f1ee-357c-47c1-be1b-bb8898f1dc21,User 185,user185@example.com,admin,active,,True,2026-02-10 04:33:33.947616,2026-04-09 10:08:12.278219,2026-03-13 20:05:49.481298,2,
fa14d4de-d322-4bf4-9d44-5399549078a2,User 186,user186@example.com,manager,active,,False,2026-03-13 04:00:39.937420,2026-04-09 10:08:12.278219,2026-03-14 21:29:48.724461,4,
48cd5213-e9cd-4bdb-ba68-d6c7e3a57523,User 187,user187@example.com,user,active,,True,2026-02-28 14:15:38.239716,2026-04-09 10:08:12.278219,2026-03-29 09:03:54.890815,3,
1f90a8b7-6878-467a-8804-3f4bdae54d86,User 188,user188@example.com,user,inactive,,True,2026-02-25 19:05:50.916436,2026-04-09 10:08:12.278219,2026-03-16 03:02:34.792040,4,
29309f61-d66d-46e4-9ede-d47c03362404,User 189,user189@example.com,manager,active,,False,2026-03-14 11:09:47.422174,2026-04-09 10:08:12.278219,2026-04-03 12:32:39.762455,2,
2bbe6967-6920-4fc7-a0a7-11565d842221,User 190,user190@example.com,admin,suspended,,True,2026-03-09 07:15:52.627422,2026-04-09 10:08:12.278219,2026-03-29 01:59:47.983538,5,
2eac5d30-ca2e-4d28-9c42-a9cc7e835e56,User 191,user191@example.com,user,active,,True,2026-03-23 03:11:10.441216,2026-04-09 10:08:12.278219,2026-04-06 05:16:09.608126,4,
ed97d4d5-c8f9-493f-909e-5652c027f926,User 192,user192@example.com,manager,inactive,,False,2026-02-15 08:18:27.738422,2026-04-09 10:08:12.278219,2026-03-12 20:58:49.800344,0,
95e122bb-abac-440d-9031-ddab793793bb,User 193,user193@example.com,user,active,,True,2026-03-21 22:33:35.505597,2026-04-09 10:08:12.278219,2026-04-04 11:13:48.770111,2,
87681570-7ff6-44c5-824a-60e3c79f8bdc,User 194,user194@example.com,user,active,,True,2026-04-07 01:18:41.642592,2026-04-09 10:08:12.278219,2026-03-28 05:55:56.444304,5,
8b989d36-0dce-4e52-9269-7bfea9edffe2,User 195,user195@example.com,admin,active,,False,2026-02-18 23:26:46.273350,2026-04-09 10:08:12.278219,2026-03-29 00:42:35.810715,3,
202bb672-02df-4b12-852b-e9c494e08075,User 196,user196@example.com,user,inactive,,True,2026-03-17 23:07:13.809602,2026-04-09 10:08:12.278219,2026-03-16 06:08:02.007070,4,
025859fd-05d6-4806-b208-c0355f337786,User 197,user197@example.com,user,active,,True,2026-02-09 18:54:31.743547,2026-04-09 10:08:12.278219,2026-04-02 16:40:59.287713,1,
96478da8-140f-4098-8d93-10d1078ee7e4,User 198,user198@example.com,manager,active,,False,2026-03-29 10:33:48.417043,2026-04-09 10:08:12.278219,2026-04-04 03:54:19.386950,3,
12f00068-7e65-4d00-8ea4-25ca65ab7a58,User 199,user199@example.com,user,active,,True,2026-03-27 12:22:55.601795,2026-04-09 10:08:12.278219,2026-03-16 12:08:30.842517,4,
bfc7fcfc-7db0-43c4-8d13-aa9b5f88e1ed,User 200,user200@example.com,admin,suspended,,True,2026-02-21 14:00:16.556969,2026-04-09 10:08:12.278219,2026-04-05 00:26:49.589414,2,
