id,user_id,activity_type,activity_time,ip_address,device_info
1,91151fc2-6737-4227-a82c-a5c54a570061,login,2026-04-02 21:42:07.002881,192.168.1.10,Chrome on Windows
2,12358cda-0216-49c2-bd64-ee214a4625ec,login,2026-04-02 21:42:07.002881,192.168.1.10,Chrome on Windows
3,850ce265-7b89-45ec-802d-f4f66efef2ba,login,2026-04-02 21:42:07.002881,192.168.1.10,Chrome on Windows
4,ee2497c8-8392-4949-a114-ef49c24ef6f5,login,2026-04-01 21:42:07.002881,192.168.1.20,Edge on Windows
5,f5185eb7-7ac4-4ade-84bf-2634f95f1398,login,2026-04-01 21:42:07.002881,192.168.1.20,Edge on Windows
6,91151fc2-6737-4227-a82c-a5c54a570061,profile_update,2026-04-03 17:42:07.002881,192.168.1.30,Firefox on Linux
7,12358cda-0216-49c2-bd64-ee214a4625ec,profile_update,2026-04-03 17:42:07.002881,192.168.1.30,Firefox on Linux
8,91151fc2-6737-4227-a82c-a5c54a570061,login,2026-04-02 08:34:17.916165,192.168.1.10,Chrome on Windows
9,12358cda-0216-49c2-bd64-ee214a4625ec,login,2026-04-02 08:34:17.916165,192.168.1.10,Chrome on Windows
10,850ce265-7b89-45ec-802d-f4f66efef2ba,login,2026-04-03 08:34:17.916165,192.168.1.11,Edge on Windows
11,f5185eb7-7ac4-4ade-84bf-2634f95f1398,login,2026-04-03 08:34:17.916165,192.168.1.11,Edge on Windows
12,91151fc2-6737-4227-a82c-a5c54a570061,login,2026-04-04 08:34:17.916165,192.168.1.12,Firefox on Linux
13,ee2497c8-8392-4949-a114-ef49c24ef6f5,login,2026-04-04 08:34:17.916165,192.168.1.12,Firefox on Linux
14,12358cda-0216-49c2-bd64-ee214a4625ec,login,2026-04-05 08:34:17.916165,192.168.1.13,Chrome on Mac
15,b8d3165e-e86c-4f72-9970-b18a28100e59,login,2026-04-05 08:34:17.916165,192.168.1.13,Chrome on Mac
16,91151fc2-6737-4227-a82c-a5c54a570061,login,2026-04-06 08:34:17.916165,192.168.1.14,Safari on iPhone
17,850ce265-7b89-45ec-802d-f4f66efef2ba,login,2026-04-06 08:34:17.916165,192.168.1.14,Safari on iPhone
18,ee2497c8-8392-4949-a114-ef49c24ef6f5,login,2026-04-07 08:34:17.916165,192.168.1.15,Chrome on Android
19,f5185eb7-7ac4-4ade-84bf-2634f95f1398,login,2026-04-07 08:34:17.916165,192.168.1.15,Chrome on Android
20,91151fc2-6737-4227-a82c-a5c54a570061,login,2026-04-08 08:34:17.916165,192.168.1.16,Edge on Windows
21,12358cda-0216-49c2-bd64-ee214a4625ec,login,2026-04-08 08:34:17.916165,192.168.1.16,Edge on Windows
22,850ce265-7b89-45ec-802d-f4f66efef2ba,login,2026-04-08 08:34:17.916165,192.168.1.16,Edge on Windows
23,91151fc2-6737-4227-a82c-a5c54a570061,login,2026-04-09 06:34:17.916165,192.168.1.17,Chrome on Windows
24,850ce265-7b89-45ec-802d-f4f66efef2ba,login,2026-04-09 06:34:17.916165,192.168.1.17,Chrome on Windows
25,12358cda-0216-49c2-bd64-ee214a4625ec,login,2026-03-18 01:23:49.156985,,
26,ee2497c8-8392-4949-a114-ef49c24ef6f5,login,2026-03-24 00:58:33.330862,,
27,eb4fa733-2102-4ff6-971c-ec351385a8a8,login,2026-03-21 08:54:26.148727,,
28,e4a958af-7965-4bea-8498-1f6f669eca39,login,2026-03-29 14:14:27.135648,,
29,850ce265-7b89-45ec-802d-f4f66efef2ba,login,2026-03-23 09:36:50.705944,,
30,f5185eb7-7ac4-4ade-84bf-2634f95f1398,login,2026-03-14 02:54:30.107193,,
31,b8d3165e-e86c-4f72-9970-b18a28100e59,login,2026-04-08 07:19:23.449707,,
32,91151fc2-6737-4227-a82c-a5c54a570061,login,2026-03-20 22:44:18.613758,,
33,15499560-1973-4317-b6e6-ac8e93d95b82,login,2026-03-19 00:14:20.770496,,
34,82fad524-c8d1-4c00-8cd5-b6a08b0e32c8,login,2026-04-03 10:57:12.838795,,
35,32c6ebee-fddc-47f5-8a82-2a504f00822c,login,2026-03-22 19:47:15.093793,,
36,65affb4b-3872-483b-9fc4-fd286844d397,login,2026-03-11 20:26:08.296231,,
37,48bf8100-d4e8-4e70-b085-75199ffc0d4a,login,2026-03-17 11:04:11.234825,,
38,d93d0590-4fbb-4dc9-a934-6e6cf9a2ef67,login,2026-03-30 17:48:59.877976,,
39,b447541c-2ce3-46bd-958a-5d5ee271c310,login,2026-03-26 07:24:52.001454,,
40,32a099f9-08c1-44d0-9e2f-242234f5d2c9,login,2026-04-05 09:50:54.570948,,
41,d238bf9a-70f4-472b-80a4-62101b8bae12,login,2026-04-09 08:07:13.671028,,
42,820f3709-b5e4-4401-bed1-24f80cec60de,login,2026-03-16 18:28:15.917248,,
43,fa8a6aa6-09ef-484d-8a42-3a5211b85aa9,login,2026-03-30 05:28:16.801304,,
44,0c3e3b3d-660b-4b6c-a26f-60e102fd01ca,login,2026-03-18 02:20:23.795184,,
45,3625aae0-0f0c-4a88-a092-558fd4bdbe77,login,2026-03-27 22:51:50.383867,,
46,e02a570d-186d-4928-9106-5f915844182a,login,2026-03-24 02:49:30.200544,,
47,1ada1271-75f7-4d00-83d7-c78f664250ba,login,2026-03-25 07:36:36.232386,,
48,259af31b-e2c5-447d-a12e-326b92eaff96,login,2026-03-25 09:32:33.544460,,
49,03b9d6b6-44c6-43ad-afb4-c06decdc6496,login,2026-03-29 05:13:01.755892,,
50,6fc0cd81-ac92-4d4c-b459-626c63c39641,login,2026-03-26 03:59:22.727928,,
51,91921ff0-2238-40b9-a727-a2c8208e73ec,login,2026-03-22 15:45:16.563679,,
52,6a09a01a-d9fb-46d6-82ca-9c668b514df1,login,2026-03-22 22:45:28.125557,,
53,a6d38e16-407f-4f65-83e9-50e92d90ee5a,login,2026-03-14 17:02:45.802536,,
54,f4edefae-1663-4ced-a0ba-b75c2de1d129,login,2026-03-12 20:39:50.813427,,
55,7898ac13-4358-4c03-82e7-bab2a15dc7dd,login,2026-03-10 18:17:17.935038,,
56,e92f106c-40f7-4538-8d82-c82fd9b43c2a,login,2026-03-26 04:17:57.271441,,
57,b43f9232-8338-4894-8125-44f75c6f7213,login,2026-03-14 03:46:17.041948,,
58,9cdc13c0-9c7d-4d5f-81cd-7bad75f5d32b,login,2026-04-09 09:59:08.157114,,
59,946531fc-0b7c-4ead-8833-1e78cd9d7254,login,2026-03-26 09:05:34.345436,,
60,e6f6c350-c7b3-416e-be3b-8e00a187b801,login,2026-03-23 10:39:27.151628,,
61,9a256b78-3b5f-454b-bbea-ac5c531fad85,login,2026-03-11 00:27:44.012140,,
62,7c48dfdb-543c-45c8-820a-cfc2e6f985b0,login,2026-03-17 07:01:06.141277,,
63,1ec1b95f-7fdc-4c66-8653-1af1164ed05f,login,2026-03-15 13:41:12.418483,,
64,beda43fc-bb26-4d1a-bdd8-cac81ccaf9e7,login,2026-04-07 21:38:37.377576,,
65,797bd2d6-da08-43fe-a973-df9fd9987a73,login,2026-03-31 13:17:11.919082,,
66,de2fcd7d-efbe-4bcd-9f17-51ac7158c0e5,login,2026-04-06 00:28:02.040397,,
67,9e1599cb-63f9-4417-9540-81e04a8f5177,login,2026-03-17 11:30:54.978348,,
68,7719bf12-9ff5-4428-8aad-ee8314f30538,login,2026-04-04 21:05:18.863031,,
69,40cfde15-c701-4b6c-8f74-3fc5e41083f8,login,2026-03-18 06:12:10.968022,,
70,c1a73b76-63b7-417f-801d-2ca917bdd8cf,login,2026-03-25 05:36:38.968564,,
71,921e2fe8-2663-4401-bfd8-2c7fb06f2efe,login,2026-03-16 16:56:53.547050,,
72,f91f8f88-3d50-434f-9e44-502746d14fdb,login,2026-03-15 00:16:11.745363,,
73,b30d4ef3-7145-4250-8b1c-73593f93f5a4,login,2026-04-04 12:09:02.339643,,
74,c3104e34-fad2-4918-ab35-34e2089baac8,login,2026-03-28 09:24:53.526819,,
75,b380c49e-96c3-4fb0-8287-e86e811503bd,login,2026-03-11 19:44:58.333027,,
76,a8604273-dd85-448a-b760-9d97fe15508e,login,2026-03-13 22:07:14.702771,,
77,27189c9c-fe63-479c-afe4-4f36d6c81342,login,2026-03-28 09:06:24.885289,,
78,17f88913-9848-4349-9584-318dadf6d4e8,login,2026-03-18 13:32:25.911896,,
79,cbfd5497-d53e-4b77-9e68-eddc73274354,login,2026-03-11 02:46:53.207692,,
80,e56f8df3-75f4-482e-bedd-91f9dd9ae32d,login,2026-03-12 20:14:53.137859,,
81,38ad2c22-8720-433c-a7e5-ad33975dd719,login,2026-03-26 11:57:39.901119,,
82,0cfa707e-85b9-42e6-8a07-d4fb0f608d1f,login,2026-03-28 00:33:11.251498,,
83,6b2d7557-43ef-45d3-85f6-cf657e613fce,login,2026-03-20 20:35:21.061818,,
84,4ce4884c-d936-4b87-b357-aeb8a54029c3,login,2026-03-12 23:48:34.669708,,
85,401792cf-8cc2-4a53-bfd4-e45815dd2439,login,2026-04-01 21:55:41.504048,,
86,16b249e2-110a-4df5-96a4-e5540165603d,login,2026-03-15 07:36:18.619111,,
87,dce48cfe-7663-4375-8203-cc80244f8226,login,2026-04-04 10:23:05.199053,,
88,b46282e3-3035-4e07-9bf8-998fc7ccc0e7,login,2026-04-01 01:32:14.483659,,
89,7eb9b18c-fd8c-4a1e-878d-d3f4bcfd004d,login,2026-03-15 14:13:56.334389,,
90,39114930-df10-4bf2-a421-a2385b827efc,login,2026-03-14 03:30:05.801933,,
91,6f49ffd8-1183-4b45-b7c5-c4434521922f,login,2026-03-31 12:18:13.867657,,
92,343176dc-beb6-4ba6-a314-d7d79d6aa1f6,login,2026-03-12 03:07:10.526285,,
93,b794a059-9f35-4704-8996-c4e9e1484e5a,login,2026-03-23 06:37:04.163586,,
94,bbc68acc-a135-483e-a9de-e9aebd297e88,login,2026-04-05 05:53:43.262997,,
95,3e84e5af-7f45-497f-85ff-5d92db6ad486,login,2026-03-13 17:47:11.761687,,
96,aa8af17e-99e9-4b93-9f58-0e3351b283ef,login,2026-04-02 20:13:39.317993,,
97,d6951231-2f74-4883-8ec2-dfcaa9a553fe,login,2026-03-18 06:07:27.124357,,
98,aa103dca-4970-47d1-98d3-823b5d2eb1e7,login,2026-03-20 21:32:24.835326,,
99,51ed0aef-c426-4e43-8c28-25412ed26c4b,login,2026-03-30 19:16:48.827264,,
100,3dc822f8-c924-49b3-a0f5-d10f11fa4eaa,login,2026-04-01 23:56:54.746082,,
101,4e0cc065-02f2-4ffb-8c7a-53ef8f1cebcb,login,2026-04-08 04:33:35.810703,,
102,dd5f28ca-f22e-4dc8-b2cb-47c0fd0e53d3,login,2026-04-08 08:07:01.855469,,
103,a49f12d8-704c-4d21-a6ca-dd53c982193c,login,2026-03-21 09:54:11.077214,,
104,54471fb0-0ea0-4af1-900b-a4fa126a031a,login,2026-03-27 22:03:12.631492,,
105,8e66611e-8fa4-437b-a520-617bfe3e9e00,login,2026-03-18 16:19:47.200990,,
106,ac605a6e-573f-4b5e-9393-56bedbae2d62,login,2026-03-28 02:51:13.160118,,
107,3f97a7ba-8d3e-46c0-aded-e40b2915117e,login,2026-03-28 11:02:54.141139,,
108,66198b85-9305-4da7-b273-456601155ee9,login,2026-03-16 17:05:50.740379,,
109,09f2b063-cefb-4892-9a10-b700fc2ff71c,login,2026-03-27 07:42:20.907036,,
110,6e7cbcdf-1609-4f8c-b182-7e1045ba8034,login,2026-03-20 03:41:49.450080,,
111,e2ee906e-f598-4acb-814d-8aa91aae97d4,login,2026-03-28 22:32:34.651728,,
112,2e080787-e938-4da0-8fbe-abb764ce40ac,login,2026-03-12 17:52:21.964983,,
113,6f460dec-6e9a-4ed9-bf41-0d7b759a7abd,login,2026-03-28 06:37:06.633724,,
114,986efed4-cbc6-4ce2-9cd5-909289e46864,login,2026-03-25 07:01:07.299136,,
115,5c886fee-cafa-4bfe-943f-6c0c26256895,login,2026-04-05 21:24:37.180805,,
116,6cb9b9f3-adbf-41b5-955f-fb90301ad279,login,2026-04-08 17:00:40.116349,,
117,b43dc66e-47e1-485c-9b4d-07eb6bfa86d2,login,2026-03-26 20:36:40.478192,,
118,a8330e03-84dd-45f5-9b4c-3bbe1a2bf592,login,2026-03-14 03:15:02.726072,,
119,3cec793d-7aa3-48bd-9ac9-e6a0d7558b75,login,2026-03-19 00:50:08.895114,,
120,ea6a1a10-29be-4939-88cd-966e81c4c5a7,login,2026-04-04 22:40:47.096042,,
121,d445c7a2-2f5a-4e57-9cc1-a1ac96eb7004,login,2026-04-01 10:08:14.985257,,
122,4e1fbeb8-4bda-42df-bcea-abfb46ecedaf,login,2026-03-27 04:56:53.506615,,
123,fd04b111-6bcc-414f-9ac9-94cfc316b228,login,2026-03-27 22:38:52.871341,,
124,2610231d-507b-4869-8bec-0fcf93ba1056,login,2026-03-28 07:58:39.066790,,
125,9c061bfc-67e1-4ec3-be5c-c68a831c8847,login,2026-04-03 03:43:18.308849,,
126,68ad5c69-a092-44f8-aa77-6c3e6fa6bcbe,login,2026-03-16 10:47:39.465190,,
127,0de362e8-2af1-4495-bcc3-6d96a0284b47,login,2026-03-17 16:38:03.877932,,
128,a1948a5e-4d53-4c5a-9316-cbc4456a3149,login,2026-03-14 01:46:45.011329,,
129,6d4e5742-c9f9-4349-9968-5da7ded71ebf,login,2026-03-10 17:17:45.533108,,
130,a0d01959-cbe9-4584-991d-486368962020,login,2026-04-06 02:55:46.105181,,
131,8894a513-41af-4764-8dde-969505bb63c0,login,2026-03-27 23:45:45.134654,,
132,b7bf9298-2199-4837-95d0-07953e74aca4,login,2026-03-12 16:29:21.656357,,
133,b51010b2-07ef-44d0-bb69-d6880346a89a,login,2026-03-11 00:49:08.263656,,
134,d7356243-5e69-4a27-8442-c431a8f87219,login,2026-03-17 23:12:58.052973,,
135,852a737d-d1f6-4d88-93c5-140cc00275bc,login,2026-03-26 10:10:25.937739,,
136,4c328ee1-6cde-41a5-a205-428ea6e3ca2e,login,2026-03-23 20:28:00.931604,,
137,dc4647ba-19da-4fe2-b553-da69cb550d80,login,2026-03-21 23:05:45.959483,,
138,30d013b2-a608-4bf7-b43b-b6b5f4336c27,login,2026-03-18 23:21:02.303151,,
139,479453b5-c142-4e86-9a7d-0db09d1ce2b6,login,2026-03-27 12:54:00.402413,,
140,3295ef8f-efe9-473b-87d6-fda668d5282a,login,2026-03-21 19:59:44.722350,,
141,d1b8beed-2f63-42cc-b167-b3221f7500fe,login,2026-03-31 00:43:57.297552,,
142,b74b8f56-dc11-48a2-ba79-b99631fcbdfa,login,2026-03-27 17:36:36.581190,,
143,d5ad5bef-a6fe-42e3-95bd-325e954d8466,login,2026-03-26 20:17:00.909450,,
144,e013cd6a-9f62-4e74-9554-1db6cbad1fe2,login,2026-03-10 20:47:55.976424,,
145,71c649d2-bb90-41cb-9547-33959318f355,login,2026-04-06 22:17:40.828498,,
146,b85d6d88-ec4d-4a4b-a366-67235909b77c,login,2026-03-10 12:24:14.744796,,
147,95917768-ba4f-40a0-8b43-620233904aff,login,2026-04-03 23:43:47.912327,,
148,65e08967-be26-4775-877b-0d9a4e8841b7,login,2026-03-22 16:03:52.422168,,
149,d03b21b8-e3e3-43a8-a002-6b83c5140e9f,login,2026-03-24 16:10:43.410789,,
150,126dc759-7da9-44a9-8d73-56ddc0fe9185,login,2026-03-15 00:12:44.707593,,
151,a50e0353-45cf-45da-9aaf-52489c6eddbb,login,2026-03-12 23:04:47.960212,,
152,69bda78c-bc1a-4560-9777-a422a612e2b9,login,2026-03-30 13:50:15.513156,,
153,e64b3420-bdd6-42e9-a8cc-9edc08d3071f,login,2026-03-28 05:23:49.064138,,
154,8ce47296-d340-4669-8b47-a30d7abe5205,login,2026-03-23 20:07:52.236489,,
155,2a05564a-c4af-4131-b3e7-7b67e1623ae4,login,2026-04-05 00:27:18.250560,,
156,f8329070-b079-4c51-98b1-a6f961c694cc,login,2026-03-10 17:00:32.264876,,
157,3177c357-5c0a-432a-965b-5e5c90b34269,login,2026-03-22 16:49:45.095406,,
158,73135da5-92c1-4e0c-8493-32e507f4af6d,login,2026-03-15 00:43:59.726772,,
159,d9b459d1-d92a-4f42-9761-2c8dcaf829e5,login,2026-03-19 01:18:33.584543,,
160,caf1d154-3767-4d88-8bb8-72b73f2321e3,login,2026-03-14 02:58:15.688290,,
161,9f5f1afe-c693-4b36-a348-ddc3d7a88a44,login,2026-03-20 15:32:59.941876,,
162,38588833-1350-4559-a824-c90eba39b4de,login,2026-04-05 13:17:15.199652,,
163,b881bdfa-6a62-4a4a-8de2-7b2087e37f34,login,2026-03-14 21:06:32.697601,,
164,398d82cb-7b6d-47ab-bf57-6200bc95ce97,login,2026-04-02 13:45:19.951344,,
165,53b41cb6-2a03-4c38-a8da-89da9bbccb6d,login,2026-03-11 15:21:27.227744,,
166,5106e66f-8ecb-4a90-800e-79ef88e6bcda,login,2026-03-25 03:46:17.136360,,
167,7b20989f-34e6-4e78-abdd-10b004f07b65,login,2026-03-11 04:37:21.891034,,
168,52bdb904-3091-4230-98eb-2847dac21c6d,login,2026-04-05 23:16:13.676601,,
169,aa5f62ca-9339-4e93-8cc4-5f80c1d2fd41,login,2026-03-14 01:01:34.415112,,
170,8b24c4e0-e510-4edd-8982-831be57fcdf5,login,2026-03-14 02:56:39.167303,,
171,dae5ef73-89b2-4653-a285-88167c9254c5,login,2026-03-25 17:44:52.432403,,
172,aa7894c2-cac3-4301-9e4e-ae473041a550,login,2026-03-16 02:56:58.384616,,
173,b7ccd7c1-2efd-46f7-9acc-0ebcdfca3bfe,login,2026-03-15 02:50:43.724158,,
174,8ccd9f49-a746-4353-8e91-e59db23316da,login,2026-03-29 06:52:47.098775,,
175,792401fb-7b6b-4871-afa6-b0a49f087fdb,login,2026-03-12 07:17:07.447210,,
176,004419b4-7d5f-4ece-a12f-731f7291708d,login,2026-03-17 03:56:45.227133,,
177,2f410aca-7747-4a15-9885-2caafe70e22c,login,2026-03-22 13:11:08.391482,,
178,4c9920e8-87fa-47d3-81a6-b93ce883bef9,login,2026-03-11 20:55:50.173154,,
179,c160e01f-bb96-42c0-9d90-caac21c93631,login,2026-04-01 14:27:47.612489,,
180,774dd099-d04a-4cba-b90a-957d18eb0be6,login,2026-03-23 05:41:45.634625,,
181,bed8f756-74df-4efa-b90e-a5048dedb842,login,2026-03-26 20:18:19.083548,,
182,0220a495-c44c-47f2-88fe-332542c7272b,login,2026-03-23 20:13:33.779467,,
183,3f61c783-2de0-46d5-91c0-7dbd2bed751a,login,2026-04-05 11:18:13.108996,,
184,d38ac57e-5c92-4d82-9338-798dc5398f0c,login,2026-03-27 11:01:09.768482,,
185,31c0ee5b-43e4-4bfe-b268-f8fbfd40ac0a,login,2026-03-22 10:56:30.521548,,
186,a65de510-ec1b-45d3-9047-aeec2304df9e,login,2026-03-11 11:24:52.658016,,
187,0c14d7e7-c492-4300-bb7c-587d9bc06197,login,2026-03-17 22:41:31.500457,,
188,306730a2-a9df-4cf1-97b4-b1c5d4708522,login,2026-03-12 15:56:25.103575,,
189,4178efc8-7d23-445c-809d-99403c37a34e,login,2026-03-14 19:13:58.441705,,
190,8146268c-2e92-439f-8ae4-5be47bd85db2,login,2026-04-01 22:08:43.810771,,
191,e0f2c3ed-8ef1-4210-bf9b-dad0992cc70f,login,2026-03-29 14:50:46.147258,,
192,c5d4fa19-67fa-4635-be2b-f24a161e4647,login,2026-04-01 23:20:02.880092,,
193,53e1dd9c-6241-402e-8a5c-0e6def4e7e89,login,2026-04-03 04:41:55.154871,,
194,3a7de120-9a76-46a1-8499-23363e6c0fa4,login,2026-03-16 06:50:46.661837,,
195,84d353ee-c7e8-4343-8a8f-7e69dd1fc41c,login,2026-03-13 09:59:33.771157,,
196,e34fecc7-b05b-42d7-9ade-d636d1fa4b21,login,2026-03-12 23:20:36.349126,,
197,4267180c-28bc-4694-a1c0-357cc48afbb4,login,2026-03-24 22:26:17.058955,,
198,a6894279-e721-42c1-a7f4-2aede0b54be6,login,2026-03-22 21:21:27.720009,,
199,cb06ee98-df80-44a0-a40f-5b02d1d594ab,login,2026-03-28 00:20:33.859814,,
200,8804bc50-bb30-4aee-93d8-cfd832832661,login,2026-04-02 03:30:17.424333,,
201,8fa1231f-3bc8-4605-8728-a538d656f8d6,login,2026-03-22 20:22:39.564805,,
202,ad57e260-7d0c-41d3-b449-05cadd9cef07,login,2026-03-21 12:45:20.710809,,
203,f3538881-eef0-45a2-87bc-a6ba2d096449,login,2026-03-26 19:06:56.925991,,
204,1a3e9819-4fbe-4155-8b76-bb0a24a241c6,login,2026-03-22 06:20:22.907713,,
205,138aeb45-f743-401a-99f6-835313132637,login,2026-03-26 19:47:06.468960,,
206,62ed9133-186b-4b48-802d-3f3deb2806b6,login,2026-03-13 15:14:34.692759,,
207,8e136cae-c057-45ba-991c-34c6f5e4fffa,login,2026-04-02 09:59:30.167739,,
208,9a4541dc-0ce2-484b-bc57-a6a27da938f4,login,2026-03-10 17:19:06.296374,,
209,2bd2e90d-751f-4997-bf2d-cda5aa638474,login,2026-03-16 14:11:42.116125,,
210,5d23a74d-b6a7-4c68-bde7-4b44b27d4ea7,login,2026-03-20 11:14:34.964160,,
211,e8a45423-284e-4642-b46c-c022be6efa04,login,2026-03-12 18:13:36.991194,,
212,8466e1ac-5c5c-48f0-9f28-2c96ddbc8944,login,2026-03-23 00:19:19.522354,,
213,d90f755a-3284-4984-b3ae-ea3770f9a520,login,2026-04-07 00:58:20.330731,,
214,d9a13358-0a12-4328-a016-f084eceaefb4,login,2026-03-23 04:58:11.888781,,
215,98b5dfb0-7569-4708-ba1d-fa4076b91780,login,2026-04-09 06:58:24.129414,,
216,19c768ea-df9c-4c0e-8a78-13e3122b7d61,login,2026-03-10 11:21:01.754803,,
217,4ff5f1ee-357c-47c1-be1b-bb8898f1dc21,login,2026-03-10 15:07:38.961204,,
218,fa14d4de-d322-4bf4-9d44-5399549078a2,login,2026-04-02 09:01:40.021114,,
219,48cd5213-e9cd-4bdb-ba68-d6c7e3a57523,login,2026-03-15 01:02:36.458555,,
220,1f90a8b7-6878-467a-8804-3f4bdae54d86,login,2026-03-17 08:24:02.326651,,
221,29309f61-d66d-46e4-9ede-d47c03362404,login,2026-03-27 00:50:47.025869,,
222,2bbe6967-6920-4fc7-a0a7-11565d842221,login,2026-03-11 01:26:58.473432,,
223,2eac5d30-ca2e-4d28-9c42-a9cc7e835e56,login,2026-04-05 19:04:16.868720,,
224,ed97d4d5-c8f9-493f-909e-5652c027f926,login,2026-04-05 02:49:37.592543,,
225,95e122bb-abac-440d-9031-ddab793793bb,login,2026-04-03 06:15:27.763454,,
226,87681570-7ff6-44c5-824a-60e3c79f8bdc,login,2026-03-16 20:36:47.753631,,
227,8b989d36-0dce-4e52-9269-7bfea9edffe2,login,2026-03-26 23:57:44.868244,,
228,202bb672-02df-4b12-852b-e9c494e08075,login,2026-03-19 02:05:30.963292,,
229,025859fd-05d6-4806-b208-c0355f337786,login,2026-03-29 16:21:49.752069,,
230,96478da8-140f-4098-8d93-10d1078ee7e4,login,2026-03-11 22:10:49.330115,,
231,12f00068-7e65-4d00-8ea4-25ca65ab7a58,login,2026-03-15 15:37:51.099183,,
232,bfc7fcfc-7db0-43c4-8d13-aa9b5f88e1ed,login,2026-03-15 17:37:10.715389,,
233,12358cda-0216-49c2-bd64-ee214a4625ec,login,2026-03-17 11:28:56.482732,,
234,ee2497c8-8392-4949-a114-ef49c24ef6f5,login,2026-03-16 16:15:13.501875,,
235,eb4fa733-2102-4ff6-971c-ec351385a8a8,login,2026-03-28 05:59:32.137998,,
236,e4a958af-7965-4bea-8498-1f6f669eca39,login,2026-04-04 13:35:37.774991,,
237,850ce265-7b89-45ec-802d-f4f66efef2ba,login,2026-03-29 18:55:51.691870,,
238,f5185eb7-7ac4-4ade-84bf-2634f95f1398,login,2026-04-03 21:44:04.359223,,
239,b8d3165e-e86c-4f72-9970-b18a28100e59,login,2026-03-12 14:14:41.880520,,
240,91151fc2-6737-4227-a82c-a5c54a570061,login,2026-04-02 11:46:14.284657,,
241,15499560-1973-4317-b6e6-ac8e93d95b82,login,2026-03-18 10:06:04.500183,,
242,82fad524-c8d1-4c00-8cd5-b6a08b0e32c8,login,2026-03-20 22:28:06.013568,,
243,32c6ebee-fddc-47f5-8a82-2a504f00822c,login,2026-04-04 09:58:28.356938,,
244,65affb4b-3872-483b-9fc4-fd286844d397,login,2026-03-22 12:38:56.463199,,
245,48bf8100-d4e8-4e70-b085-75199ffc0d4a,login,2026-03-12 06:18:16.554643,,
246,d93d0590-4fbb-4dc9-a934-6e6cf9a2ef67,login,2026-03-27 19:10:36.423358,,
247,b447541c-2ce3-46bd-958a-5d5ee271c310,login,2026-03-23 18:48:22.252744,,
248,32a099f9-08c1-44d0-9e2f-242234f5d2c9,login,2026-04-01 10:54:10.561245,,
249,d238bf9a-70f4-472b-80a4-62101b8bae12,login,2026-03-26 08:24:58.854982,,
250,820f3709-b5e4-4401-bed1-24f80cec60de,login,2026-03-28 07:23:34.933421,,
251,fa8a6aa6-09ef-484d-8a42-3a5211b85aa9,login,2026-03-30 15:57:07.715983,,
252,0c3e3b3d-660b-4b6c-a26f-60e102fd01ca,login,2026-03-19 01:28:07.806883,,
253,3625aae0-0f0c-4a88-a092-558fd4bdbe77,login,2026-04-08 13:40:45.360207,,
254,e02a570d-186d-4928-9106-5f915844182a,login,2026-03-20 05:46:15.990811,,
255,1ada1271-75f7-4d00-83d7-c78f664250ba,login,2026-04-05 03:40:00.808288,,
256,259af31b-e2c5-447d-a12e-326b92eaff96,login,2026-03-31 10:35:05.156434,,
257,03b9d6b6-44c6-43ad-afb4-c06decdc6496,login,2026-04-04 18:50:33.826569,,
258,6fc0cd81-ac92-4d4c-b459-626c63c39641,login,2026-03-27 00:02:18.088855,,
259,91921ff0-2238-40b9-a727-a2c8208e73ec,login,2026-04-08 21:06:22.126480,,
260,6a09a01a-d9fb-46d6-82ca-9c668b514df1,login,2026-03-23 22:43:57.616733,,
261,a6d38e16-407f-4f65-83e9-50e92d90ee5a,login,2026-03-12 05:43:45.031681,,
262,f4edefae-1663-4ced-a0ba-b75c2de1d129,login,2026-03-24 06:15:48.025028,,
263,7898ac13-4358-4c03-82e7-bab2a15dc7dd,login,2026-03-10 15:48:21.802710,,
264,e92f106c-40f7-4538-8d82-c82fd9b43c2a,login,2026-03-14 13:55:48.239513,,
265,b43f9232-8338-4894-8125-44f75c6f7213,login,2026-03-26 14:03:53.539922,,
266,9cdc13c0-9c7d-4d5f-81cd-7bad75f5d32b,login,2026-04-04 22:56:45.964163,,
267,946531fc-0b7c-4ead-8833-1e78cd9d7254,login,2026-03-20 22:06:46.518876,,
268,e6f6c350-c7b3-416e-be3b-8e00a187b801,login,2026-03-19 09:34:32.937040,,
269,9a256b78-3b5f-454b-bbea-ac5c531fad85,login,2026-03-16 14:16:34.968338,,
270,7c48dfdb-543c-45c8-820a-cfc2e6f985b0,login,2026-04-03 23:27:08.622299,,
271,1ec1b95f-7fdc-4c66-8653-1af1164ed05f,login,2026-03-12 05:51:08.355484,,
272,beda43fc-bb26-4d1a-bdd8-cac81ccaf9e7,login,2026-03-31 19:31:54.342951,,
273,797bd2d6-da08-43fe-a973-df9fd9987a73,login,2026-03-20 20:04:32.974514,,
274,de2fcd7d-efbe-4bcd-9f17-51ac7158c0e5,login,2026-03-16 05:36:37.943355,,
275,9e1599cb-63f9-4417-9540-81e04a8f5177,login,2026-03-25 04:04:38.162960,,
276,7719bf12-9ff5-4428-8aad-ee8314f30538,login,2026-04-05 09:03:35.063391,,
277,40cfde15-c701-4b6c-8f74-3fc5e41083f8,login,2026-04-07 09:09:30.089230,,
278,c1a73b76-63b7-417f-801d-2ca917bdd8cf,login,2026-03-11 15:02:16.885948,,
279,921e2fe8-2663-4401-bfd8-2c7fb06f2efe,login,2026-03-16 21:21:36.617965,,
280,f91f8f88-3d50-434f-9e44-502746d14fdb,login,2026-03-27 01:45:28.534068,,
281,b30d4ef3-7145-4250-8b1c-73593f93f5a4,login,2026-04-02 05:41:53.622285,,
282,c3104e34-fad2-4918-ab35-34e2089baac8,login,2026-03-28 06:23:51.194872,,
283,b380c49e-96c3-4fb0-8287-e86e811503bd,login,2026-03-22 03:11:18.716562,,
284,a8604273-dd85-448a-b760-9d97fe15508e,login,2026-03-13 06:46:19.466630,,
285,27189c9c-fe63-479c-afe4-4f36d6c81342,login,2026-03-25 06:26:41.611525,,
286,17f88913-9848-4349-9584-318dadf6d4e8,login,2026-03-12 07:29:34.980481,,
287,cbfd5497-d53e-4b77-9e68-eddc73274354,login,2026-03-17 19:24:32.655526,,
288,e56f8df3-75f4-482e-bedd-91f9dd9ae32d,login,2026-03-31 11:11:33.523803,,
289,38ad2c22-8720-433c-a7e5-ad33975dd719,login,2026-03-26 06:58:57.917437,,
290,0cfa707e-85b9-42e6-8a07-d4fb0f608d1f,login,2026-03-20 19:17:02.551412,,
291,6b2d7557-43ef-45d3-85f6-cf657e613fce,login,2026-04-01 05:03:45.604126,,
292,4ce4884c-d936-4b87-b357-aeb8a54029c3,login,2026-03-16 02:59:32.278188,,
293,401792cf-8cc2-4a53-bfd4-e45815dd2439,login,2026-04-07 06:00:26.222917,,
294,16b249e2-110a-4df5-96a4-e5540165603d,login,2026-03-11 05:49:00.894291,,
295,dce48cfe-7663-4375-8203-cc80244f8226,login,2026-04-04 07:34:46.027275,,
296,b46282e3-3035-4e07-9bf8-998fc7ccc0e7,login,2026-03-14 17:51:44.835689,,
297,7eb9b18c-fd8c-4a1e-878d-d3f4bcfd004d,login,2026-03-16 02:46:48.284387,,
298,39114930-df10-4bf2-a421-a2385b827efc,login,2026-03-31 01:05:12.612873,,
299,6f49ffd8-1183-4b45-b7c5-c4434521922f,login,2026-03-17 22:32:39.718054,,
300,343176dc-beb6-4ba6-a314-d7d79d6aa1f6,login,2026-03-16 15:39:05.910987,,
301,b794a059-9f35-4704-8996-c4e9e1484e5a,login,2026-03-18 03:28:10.463858,,
302,bbc68acc-a135-483e-a9de-e9aebd297e88,login,2026-03-25 08:59:47.484717,,
303,3e84e5af-7f45-497f-85ff-5d92db6ad486,login,2026-03-21 00:27:53.512696,,
304,aa8af17e-99e9-4b93-9f58-0e3351b283ef,login,2026-03-11 16:54:22.933568,,
305,d6951231-2f74-4883-8ec2-dfcaa9a553fe,login,2026-04-04 02:04:08.001334,,
306,aa103dca-4970-47d1-98d3-823b5d2eb1e7,login,2026-03-18 06:16:45.176237,,
307,51ed0aef-c426-4e43-8c28-25412ed26c4b,login,2026-03-21 02:15:19.267523,,
308,3dc822f8-c924-49b3-a0f5-d10f11fa4eaa,login,2026-03-26 16:14:40.555361,,
309,4e0cc065-02f2-4ffb-8c7a-53ef8f1cebcb,login,2026-03-29 23:32:37.455444,,
310,dd5f28ca-f22e-4dc8-b2cb-47c0fd0e53d3,login,2026-04-08 10:39:08.904117,,
311,a49f12d8-704c-4d21-a6ca-dd53c982193c,login,2026-03-24 14:47:01.071904,,
312,54471fb0-0ea0-4af1-900b-a4fa126a031a,login,2026-03-11 11:26:49.701446,,
313,8e66611e-8fa4-437b-a520-617bfe3e9e00,login,2026-03-13 22:58:20.706336,,
314,ac605a6e-573f-4b5e-9393-56bedbae2d62,login,2026-03-30 08:41:22.579129,,
315,3f97a7ba-8d3e-46c0-aded-e40b2915117e,login,2026-03-20 13:54:19.772478,,
316,66198b85-9305-4da7-b273-456601155ee9,login,2026-03-12 19:27:09.270370,,
317,09f2b063-cefb-4892-9a10-b700fc2ff71c,login,2026-03-11 13:31:26.437525,,
318,6e7cbcdf-1609-4f8c-b182-7e1045ba8034,login,2026-04-06 15:34:16.579311,,
319,e2ee906e-f598-4acb-814d-8aa91aae97d4,login,2026-04-09 05:14:28.382679,,
320,2e080787-e938-4da0-8fbe-abb764ce40ac,login,2026-04-08 03:15:43.015553,,
321,6f460dec-6e9a-4ed9-bf41-0d7b759a7abd,login,2026-03-21 16:23:06.432023,,
322,986efed4-cbc6-4ce2-9cd5-909289e46864,login,2026-03-29 21:16:07.585674,,
323,5c886fee-cafa-4bfe-943f-6c0c26256895,login,2026-03-20 02:03:26.178199,,
324,6cb9b9f3-adbf-41b5-955f-fb90301ad279,login,2026-03-29 09:05:25.469849,,
325,b43dc66e-47e1-485c-9b4d-07eb6bfa86d2,login,2026-04-03 20:52:06.702327,,
326,a8330e03-84dd-45f5-9b4c-3bbe1a2bf592,login,2026-04-08 22:20:19.768942,,
327,3cec793d-7aa3-48bd-9ac9-e6a0d7558b75,login,2026-03-17 23:40:50.043394,,
328,ea6a1a10-29be-4939-88cd-966e81c4c5a7,login,2026-04-06 01:12:40.804563,,
329,d445c7a2-2f5a-4e57-9cc1-a1ac96eb7004,login,2026-03-25 12:32:26.990187,,
330,4e1fbeb8-4bda-42df-bcea-abfb46ecedaf,login,2026-03-11 20:51:23.300244,,
331,fd04b111-6bcc-414f-9ac9-94cfc316b228,login,2026-04-03 06:45:10.383935,,
332,2610231d-507b-4869-8bec-0fcf93ba1056,login,2026-03-28 10:29:24.220377,,
333,9c061bfc-67e1-4ec3-be5c-c68a831c8847,login,2026-03-24 01:27:14.901659,,
334,68ad5c69-a092-44f8-aa77-6c3e6fa6bcbe,login,2026-03-17 11:00:01.755666,,
335,0de362e8-2af1-4495-bcc3-6d96a0284b47,login,2026-03-16 04:33:15.978961,,
336,a1948a5e-4d53-4c5a-9316-cbc4456a3149,login,2026-03-29 15:06:29.667663,,
337,6d4e5742-c9f9-4349-9968-5da7ded71ebf,login,2026-04-07 13:44:38.490437,,
338,a0d01959-cbe9-4584-991d-486368962020,login,2026-03-27 01:25:16.974057,,
339,8894a513-41af-4764-8dde-969505bb63c0,login,2026-03-27 15:23:12.678021,,
340,b7bf9298-2199-4837-95d0-07953e74aca4,login,2026-03-15 07:42:27.919399,,
341,b51010b2-07ef-44d0-bb69-d6880346a89a,login,2026-04-06 23:37:30.248675,,
342,d7356243-5e69-4a27-8442-c431a8f87219,login,2026-04-01 16:14:08.138176,,
343,852a737d-d1f6-4d88-93c5-140cc00275bc,login,2026-04-03 18:52:31.923653,,
344,4c328ee1-6cde-41a5-a205-428ea6e3ca2e,login,2026-04-06 06:17:24.717536,,
345,dc4647ba-19da-4fe2-b553-da69cb550d80,login,2026-03-29 12:11:20.044325,,
346,30d013b2-a608-4bf7-b43b-b6b5f4336c27,login,2026-03-31 09:44:32.324335,,
347,479453b5-c142-4e86-9a7d-0db09d1ce2b6,login,2026-03-13 14:48:31.350085,,
348,3295ef8f-efe9-473b-87d6-fda668d5282a,login,2026-03-18 19:52:22.813634,,
349,d1b8beed-2f63-42cc-b167-b3221f7500fe,login,2026-04-07 22:04:00.114848,,
350,b74b8f56-dc11-48a2-ba79-b99631fcbdfa,login,2026-03-23 09:37:08.795135,,
351,d5ad5bef-a6fe-42e3-95bd-325e954d8466,login,2026-03-10 18:38:48.352456,,
352,e013cd6a-9f62-4e74-9554-1db6cbad1fe2,login,2026-03-29 12:36:01.536424,,
353,71c649d2-bb90-41cb-9547-33959318f355,login,2026-03-16 13:31:01.870327,,
354,b85d6d88-ec4d-4a4b-a366-67235909b77c,login,2026-03-13 14:54:26.143004,,
355,95917768-ba4f-40a0-8b43-620233904aff,login,2026-03-24 07:02:39.997083,,
356,65e08967-be26-4775-877b-0d9a4e8841b7,login,2026-03-24 09:25:55.614782,,
357,d03b21b8-e3e3-43a8-a002-6b83c5140e9f,login,2026-03-16 14:12:34.185808,,
358,126dc759-7da9-44a9-8d73-56ddc0fe9185,login,2026-04-04 22:31:39.732900,,
359,a50e0353-45cf-45da-9aaf-52489c6eddbb,login,2026-03-20 21:13:28.974944,,
360,69bda78c-bc1a-4560-9777-a422a612e2b9,login,2026-04-09 04:04:35.949377,,
361,e64b3420-bdd6-42e9-a8cc-9edc08d3071f,login,2026-03-31 12:30:55.553619,,
362,8ce47296-d340-4669-8b47-a30d7abe5205,login,2026-03-19 10:38:25.999035,,
363,2a05564a-c4af-4131-b3e7-7b67e1623ae4,login,2026-03-31 09:52:25.801475,,
364,f8329070-b079-4c51-98b1-a6f961c694cc,login,2026-03-19 20:41:16.710627,,
365,3177c357-5c0a-432a-965b-5e5c90b34269,login,2026-03-28 17:31:26.448828,,
366,73135da5-92c1-4e0c-8493-32e507f4af6d,login,2026-03-11 22:21:24.841316,,
367,d9b459d1-d92a-4f42-9761-2c8dcaf829e5,login,2026-03-14 03:20:12.437580,,
368,caf1d154-3767-4d88-8bb8-72b73f2321e3,login,2026-03-20 05:20:54.529123,,
369,9f5f1afe-c693-4b36-a348-ddc3d7a88a44,login,2026-04-06 09:17:49.367062,,
370,38588833-1350-4559-a824-c90eba39b4de,login,2026-03-27 18:03:08.961274,,
371,b881bdfa-6a62-4a4a-8de2-7b2087e37f34,login,2026-03-20 15:25:48.986440,,
372,398d82cb-7b6d-47ab-bf57-6200bc95ce97,login,2026-03-22 22:34:53.152615,,
373,53b41cb6-2a03-4c38-a8da-89da9bbccb6d,login,2026-04-05 01:26:52.299107,,
374,5106e66f-8ecb-4a90-800e-79ef88e6bcda,login,2026-03-22 05:57:46.168169,,
375,7b20989f-34e6-4e78-abdd-10b004f07b65,login,2026-03-24 10:36:48.710620,,
376,52bdb904-3091-4230-98eb-2847dac21c6d,login,2026-03-22 10:33:47.364584,,
377,aa5f62ca-9339-4e93-8cc4-5f80c1d2fd41,login,2026-03-15 20:36:02.292443,,
378,8b24c4e0-e510-4edd-8982-831be57fcdf5,login,2026-04-06 15:16:54.188319,,
379,dae5ef73-89b2-4653-a285-88167c9254c5,login,2026-04-05 02:15:19.287977,,
380,aa7894c2-cac3-4301-9e4e-ae473041a550,login,2026-04-04 00:23:10.889658,,
381,b7ccd7c1-2efd-46f7-9acc-0ebcdfca3bfe,login,2026-04-01 20:34:41.892833,,
382,8ccd9f49-a746-4353-8e91-e59db23316da,login,2026-03-30 02:50:44.567676,,
383,792401fb-7b6b-4871-afa6-b0a49f087fdb,login,2026-03-25 23:07:34.875914,,
384,004419b4-7d5f-4ece-a12f-731f7291708d,login,2026-03-19 20:26:48.461740,,
385,2f410aca-7747-4a15-9885-2caafe70e22c,login,2026-03-31 18:32:13.448668,,
386,4c9920e8-87fa-47d3-81a6-b93ce883bef9,login,2026-03-12 20:42:29.980961,,
387,c160e01f-bb96-42c0-9d90-caac21c93631,login,2026-04-02 14:59:56.866882,,
388,774dd099-d04a-4cba-b90a-957d18eb0be6,login,2026-03-11 08:12:50.859351,,
389,bed8f756-74df-4efa-b90e-a5048dedb842,login,2026-03-12 14:16:43.815985,,
390,0220a495-c44c-47f2-88fe-332542c7272b,login,2026-04-04 02:10:19.933544,,
391,3f61c783-2de0-46d5-91c0-7dbd2bed751a,login,2026-03-10 19:45:55.357244,,
392,d38ac57e-5c92-4d82-9338-798dc5398f0c,login,2026-04-04 21:25:03.017921,,
393,31c0ee5b-43e4-4bfe-b268-f8fbfd40ac0a,login,2026-04-05 01:53:26.237215,,
394,a65de510-ec1b-45d3-9047-aeec2304df9e,login,2026-03-16 17:59:23.939809,,
395,0c14d7e7-c492-4300-bb7c-587d9bc06197,login,2026-04-08 00:17:04.135696,,
396,306730a2-a9df-4cf1-97b4-b1c5d4708522,login,2026-03-31 23:01:35.034944,,
397,4178efc8-7d23-445c-809d-99403c37a34e,login,2026-03-26 09:32:22.885227,,
398,8146268c-2e92-439f-8ae4-5be47bd85db2,login,2026-03-10 21:30:53.266914,,
399,e0f2c3ed-8ef1-4210-bf9b-dad0992cc70f,login,2026-03-29 15:15:03.976512,,
400,c5d4fa19-67fa-4635-be2b-f24a161e4647,login,2026-03-30 04:11:05.653452,,
401,53e1dd9c-6241-402e-8a5c-0e6def4e7e89,login,2026-03-29 11:33:04.542163,,
402,3a7de120-9a76-46a1-8499-23363e6c0fa4,login,2026-03-14 08:38:24.431909,,
403,84d353ee-c7e8-4343-8a8f-7e69dd1fc41c,login,2026-04-02 14:51:11.977654,,
404,e34fecc7-b05b-42d7-9ade-d636d1fa4b21,login,2026-03-29 00:21:54.869343,,
405,4267180c-28bc-4694-a1c0-357cc48afbb4,login,2026-03-14 01:17:48.684800,,
406,a6894279-e721-42c1-a7f4-2aede0b54be6,login,2026-03-15 22:57:08.160789,,
407,cb06ee98-df80-44a0-a40f-5b02d1d594ab,login,2026-03-23 20:43:07.048728,,
408,8804bc50-bb30-4aee-93d8-cfd832832661,login,2026-03-16 06:34:24.854984,,
409,8fa1231f-3bc8-4605-8728-a538d656f8d6,login,2026-04-09 00:31:00.795679,,
410,ad57e260-7d0c-41d3-b449-05cadd9cef07,login,2026-03-18 19:17:01.597197,,
411,f3538881-eef0-45a2-87bc-a6ba2d096449,login,2026-03-27 13:58:45.342020,,
412,1a3e9819-4fbe-4155-8b76-bb0a24a241c6,login,2026-03-26 22:31:20.422210,,
413,138aeb45-f743-401a-99f6-835313132637,login,2026-04-05 07:33:09.025445,,
414,62ed9133-186b-4b48-802d-3f3deb2806b6,login,2026-04-05 15:16:23.179551,,
415,8e136cae-c057-45ba-991c-34c6f5e4fffa,login,2026-03-24 13:21:26.939366,,
416,9a4541dc-0ce2-484b-bc57-a6a27da938f4,login,2026-03-11 16:44:33.419186,,
417,2bd2e90d-751f-4997-bf2d-cda5aa638474,login,2026-03-12 03:30:59.113026,,
418,5d23a74d-b6a7-4c68-bde7-4b44b27d4ea7,login,2026-04-06 21:46:42.363643,,
419,e8a45423-284e-4642-b46c-c022be6efa04,login,2026-04-09 08:35:08.920851,,
420,8466e1ac-5c5c-48f0-9f28-2c96ddbc8944,login,2026-03-27 18:26:26.429656,,
421,d90f755a-3284-4984-b3ae-ea3770f9a520,login,2026-03-27 13:48:06.365731,,
422,d9a13358-0a12-4328-a016-f084eceaefb4,login,2026-03-19 23:17:45.361577,,
423,98b5dfb0-7569-4708-ba1d-fa4076b91780,login,2026-03-11 10:59:48.526933,,
424,19c768ea-df9c-4c0e-8a78-13e3122b7d61,login,2026-03-25 11:59:50.340001,,
425,4ff5f1ee-357c-47c1-be1b-bb8898f1dc21,login,2026-03-27 15:50:40.301758,,
426,fa14d4de-d322-4bf4-9d44-5399549078a2,login,2026-04-01 19:59:19.004200,,
427,48cd5213-e9cd-4bdb-ba68-d6c7e3a57523,login,2026-04-04 19:13:49.013819,,
428,1f90a8b7-6878-467a-8804-3f4bdae54d86,login,2026-04-06 15:31:11.001240,,
429,29309f61-d66d-46e4-9ede-d47c03362404,login,2026-03-12 15:27:18.266825,,
430,2bbe6967-6920-4fc7-a0a7-11565d842221,login,2026-03-21 05:41:39.412330,,
431,2eac5d30-ca2e-4d28-9c42-a9cc7e835e56,login,2026-03-16 08:54:17.329975,,
432,ed97d4d5-c8f9-493f-909e-5652c027f926,login,2026-03-13 02:11:23.493310,,
433,95e122bb-abac-440d-9031-ddab793793bb,login,2026-04-03 17:30:37.375514,,
434,87681570-7ff6-44c5-824a-60e3c79f8bdc,login,2026-03-21 20:31:29.341608,,
435,8b989d36-0dce-4e52-9269-7bfea9edffe2,login,2026-04-06 21:10:52.414906,,
436,202bb672-02df-4b12-852b-e9c494e08075,login,2026-04-03 11:28:52.861081,,
437,025859fd-05d6-4806-b208-c0355f337786,login,2026-03-21 02:31:56.576006,,
438,96478da8-140f-4098-8d93-10d1078ee7e4,login,2026-03-21 18:52:03.251752,,
439,12f00068-7e65-4d00-8ea4-25ca65ab7a58,login,2026-03-13 22:49:07.446769,,
440,bfc7fcfc-7db0-43c4-8d13-aa9b5f88e1ed,login,2026-03-28 04:07:36.654842,,
441,12358cda-0216-49c2-bd64-ee214a4625ec,login,2026-04-08 11:22:05.038671,,
442,ee2497c8-8392-4949-a114-ef49c24ef6f5,login,2026-03-11 14:57:47.716819,,
443,eb4fa733-2102-4ff6-971c-ec351385a8a8,login,2026-03-30 07:50:44.814860,,
444,e4a958af-7965-4bea-8498-1f6f669eca39,login,2026-03-20 15:22:58.960283,,
445,850ce265-7b89-45ec-802d-f4f66efef2ba,login,2026-03-11 14:14:00.728029,,
446,f5185eb7-7ac4-4ade-84bf-2634f95f1398,login,2026-03-27 17:55:58.513503,,
447,b8d3165e-e86c-4f72-9970-b18a28100e59,login,2026-03-31 06:45:17.644139,,
448,91151fc2-6737-4227-a82c-a5c54a570061,login,2026-04-07 15:19:11.814312,,
449,15499560-1973-4317-b6e6-ac8e93d95b82,login,2026-03-31 08:03:26.375745,,
450,82fad524-c8d1-4c00-8cd5-b6a08b0e32c8,login,2026-03-16 09:33:35.343618,,
451,32c6ebee-fddc-47f5-8a82-2a504f00822c,login,2026-03-25 22:38:02.427538,,
452,65affb4b-3872-483b-9fc4-fd286844d397,login,2026-03-14 22:29:38.795955,,
453,48bf8100-d4e8-4e70-b085-75199ffc0d4a,login,2026-04-01 12:34:10.493859,,
454,d93d0590-4fbb-4dc9-a934-6e6cf9a2ef67,login,2026-03-13 07:17:56.685540,,
455,b447541c-2ce3-46bd-958a-5d5ee271c310,login,2026-03-31 17:54:40.019069,,
456,32a099f9-08c1-44d0-9e2f-242234f5d2c9,login,2026-04-06 15:49:09.404434,,
457,d238bf9a-70f4-472b-80a4-62101b8bae12,login,2026-04-04 01:21:25.731188,,
458,820f3709-b5e4-4401-bed1-24f80cec60de,login,2026-04-07 00:54:57.158748,,
459,fa8a6aa6-09ef-484d-8a42-3a5211b85aa9,login,2026-04-06 14:31:14.557750,,
460,0c3e3b3d-660b-4b6c-a26f-60e102fd01ca,login,2026-03-16 00:29:35.973895,,
461,3625aae0-0f0c-4a88-a092-558fd4bdbe77,login,2026-03-22 00:52:19.535955,,
462,e02a570d-186d-4928-9106-5f915844182a,login,2026-03-14 18:16:56.449213,,
463,1ada1271-75f7-4d00-83d7-c78f664250ba,login,2026-03-25 12:14:28.005387,,
464,259af31b-e2c5-447d-a12e-326b92eaff96,login,2026-03-24 05:29:51.980526,,
465,03b9d6b6-44c6-43ad-afb4-c06decdc6496,login,2026-03-26 04:03:40.002185,,
466,6fc0cd81-ac92-4d4c-b459-626c63c39641,login,2026-03-29 11:05:18.706744,,
467,91921ff0-2238-40b9-a727-a2c8208e73ec,login,2026-03-27 17:59:11.920439,,
468,6a09a01a-d9fb-46d6-82ca-9c668b514df1,login,2026-03-22 15:05:58.035466,,
469,a6d38e16-407f-4f65-83e9-50e92d90ee5a,login,2026-03-17 16:29:27.383657,,
470,f4edefae-1663-4ced-a0ba-b75c2de1d129,login,2026-04-03 16:58:01.236968,,
471,7898ac13-4358-4c03-82e7-bab2a15dc7dd,login,2026-03-27 09:24:20.802995,,
472,e92f106c-40f7-4538-8d82-c82fd9b43c2a,login,2026-03-23 20:52:00.321744,,
473,b43f9232-8338-4894-8125-44f75c6f7213,login,2026-04-04 19:20:39.265375,,
474,9cdc13c0-9c7d-4d5f-81cd-7bad75f5d32b,login,2026-03-28 12:37:34.895794,,
475,946531fc-0b7c-4ead-8833-1e78cd9d7254,login,2026-03-16 13:18:44.270329,,
476,e6f6c350-c7b3-416e-be3b-8e00a187b801,login,2026-03-27 00:49:37.217064,,
477,9a256b78-3b5f-454b-bbea-ac5c531fad85,login,2026-03-26 13:02:09.860379,,
478,7c48dfdb-543c-45c8-820a-cfc2e6f985b0,login,2026-04-06 09:15:16.368169,,
479,1ec1b95f-7fdc-4c66-8653-1af1164ed05f,login,2026-04-01 02:24:35.714774,,
480,beda43fc-bb26-4d1a-bdd8-cac81ccaf9e7,login,2026-03-18 21:07:01.294014,,
481,797bd2d6-da08-43fe-a973-df9fd9987a73,login,2026-03-18 05:45:49.767334,,
482,de2fcd7d-efbe-4bcd-9f17-51ac7158c0e5,login,2026-04-06 19:00:28.012631,,
483,9e1599cb-63f9-4417-9540-81e04a8f5177,login,2026-03-11 09:05:08.296002,,
484,7719bf12-9ff5-4428-8aad-ee8314f30538,login,2026-03-18 17:36:59.001882,,
485,40cfde15-c701-4b6c-8f74-3fc5e41083f8,login,2026-03-21 12:55:57.840634,,
486,c1a73b76-63b7-417f-801d-2ca917bdd8cf,login,2026-03-26 17:31:02.221495,,
487,921e2fe8-2663-4401-bfd8-2c7fb06f2efe,login,2026-04-02 12:26:59.552858,,
488,f91f8f88-3d50-434f-9e44-502746d14fdb,login,2026-04-06 21:17:58.990755,,
489,b30d4ef3-7145-4250-8b1c-73593f93f5a4,login,2026-04-01 12:41:50.146680,,
490,c3104e34-fad2-4918-ab35-34e2089baac8,login,2026-03-21 05:09:04.485745,,
491,b380c49e-96c3-4fb0-8287-e86e811503bd,login,2026-03-13 21:58:47.335258,,
492,a8604273-dd85-448a-b760-9d97fe15508e,login,2026-03-26 11:17:30.216556,,
493,27189c9c-fe63-479c-afe4-4f36d6c81342,login,2026-03-20 09:34:29.269817,,
494,17f88913-9848-4349-9584-318dadf6d4e8,login,2026-04-01 19:22:59.374336,,
495,cbfd5497-d53e-4b77-9e68-eddc73274354,login,2026-03-15 04:50:36.729911,,
496,e56f8df3-75f4-482e-bedd-91f9dd9ae32d,login,2026-04-08 06:45:04.886588,,
497,38ad2c22-8720-433c-a7e5-ad33975dd719,login,2026-03-28 15:51:08.849774,,
498,0cfa707e-85b9-42e6-8a07-d4fb0f608d1f,login,2026-03-10 11:16:14.822836,,
499,6b2d7557-43ef-45d3-85f6-cf657e613fce,login,2026-03-27 05:05:48.640749,,
500,4ce4884c-d936-4b87-b357-aeb8a54029c3,login,2026-03-31 02:14:45.880165,,
501,401792cf-8cc2-4a53-bfd4-e45815dd2439,login,2026-03-11 21:42:11.066567,,
502,16b249e2-110a-4df5-96a4-e5540165603d,login,2026-03-21 01:30:26.635199,,
503,dce48cfe-7663-4375-8203-cc80244f8226,login,2026-03-13 20:53:21.078433,,
504,b46282e3-3035-4e07-9bf8-998fc7ccc0e7,login,2026-03-16 17:30:38.609586,,
505,7eb9b18c-fd8c-4a1e-878d-d3f4bcfd004d,login,2026-03-13 02:37:09.604600,,
506,39114930-df10-4bf2-a421-a2385b827efc,login,2026-03-22 22:47:59.080904,,
507,6f49ffd8-1183-4b45-b7c5-c4434521922f,login,2026-03-22 12:13:57.829907,,
508,343176dc-beb6-4ba6-a314-d7d79d6aa1f6,login,2026-04-02 00:15:39.957710,,
509,b794a059-9f35-4704-8996-c4e9e1484e5a,login,2026-03-16 06:22:04.036427,,
510,bbc68acc-a135-483e-a9de-e9aebd297e88,login,2026-04-04 23:01:11.306256,,
511,3e84e5af-7f45-497f-85ff-5d92db6ad486,login,2026-03-21 10:02:15.139332,,
512,aa8af17e-99e9-4b93-9f58-0e3351b283ef,login,2026-03-28 07:39:06.128399,,
513,d6951231-2f74-4883-8ec2-dfcaa9a553fe,login,2026-03-14 23:41:08.090932,,
514,aa103dca-4970-47d1-98d3-823b5d2eb1e7,login,2026-03-16 07:00:03.067823,,
515,51ed0aef-c426-4e43-8c28-25412ed26c4b,login,2026-04-06 13:19:49.265928,,
516,3dc822f8-c924-49b3-a0f5-d10f11fa4eaa,login,2026-04-09 00:45:32.714962,,
517,4e0cc065-02f2-4ffb-8c7a-53ef8f1cebcb,login,2026-03-13 15:50:29.461948,,
518,dd5f28ca-f22e-4dc8-b2cb-47c0fd0e53d3,login,2026-04-05 01:18:04.245347,,
519,a49f12d8-704c-4d21-a6ca-dd53c982193c,login,2026-03-30 05:05:50.681205,,
520,54471fb0-0ea0-4af1-900b-a4fa126a031a,login,2026-03-11 06:31:31.103326,,
521,8e66611e-8fa4-437b-a520-617bfe3e9e00,login,2026-03-24 22:29:35.316160,,
522,ac605a6e-573f-4b5e-9393-56bedbae2d62,login,2026-03-21 20:26:41.679246,,
523,3f97a7ba-8d3e-46c0-aded-e40b2915117e,login,2026-03-11 14:07:52.042796,,
524,66198b85-9305-4da7-b273-456601155ee9,login,2026-03-10 12:45:01.167096,,
525,09f2b063-cefb-4892-9a10-b700fc2ff71c,login,2026-04-06 00:41:23.824845,,
526,6e7cbcdf-1609-4f8c-b182-7e1045ba8034,login,2026-03-20 00:54:46.631930,,
527,e2ee906e-f598-4acb-814d-8aa91aae97d4,login,2026-04-06 01:44:31.795494,,
528,2e080787-e938-4da0-8fbe-abb764ce40ac,login,2026-03-26 14:25:48.150760,,
529,6f460dec-6e9a-4ed9-bf41-0d7b759a7abd,login,2026-03-29 23:53:47.982696,,
530,986efed4-cbc6-4ce2-9cd5-909289e46864,login,2026-03-28 10:47:24.145711,,
531,5c886fee-cafa-4bfe-943f-6c0c26256895,login,2026-03-23 11:10:01.674262,,
532,6cb9b9f3-adbf-41b5-955f-fb90301ad279,login,2026-04-08 08:20:25.476855,,
533,b43dc66e-47e1-485c-9b4d-07eb6bfa86d2,login,2026-04-04 15:03:40.532819,,
534,a8330e03-84dd-45f5-9b4c-3bbe1a2bf592,login,2026-04-04 17:50:17.776694,,
535,3cec793d-7aa3-48bd-9ac9-e6a0d7558b75,login,2026-03-20 19:23:59.683129,,
536,ea6a1a10-29be-4939-88cd-966e81c4c5a7,login,2026-03-21 21:36:54.834864,,
537,d445c7a2-2f5a-4e57-9cc1-a1ac96eb7004,login,2026-03-20 08:11:01.090365,,
538,4e1fbeb8-4bda-42df-bcea-abfb46ecedaf,login,2026-03-27 13:40:27.799904,,
539,fd04b111-6bcc-414f-9ac9-94cfc316b228,login,2026-03-29 02:04:32.326367,,
540,2610231d-507b-4869-8bec-0fcf93ba1056,login,2026-03-22 02:58:38.423242,,
541,9c061bfc-67e1-4ec3-be5c-c68a831c8847,login,2026-03-30 17:20:05.980790,,
542,68ad5c69-a092-44f8-aa77-6c3e6fa6bcbe,login,2026-03-24 09:30:14.060175,,
543,0de362e8-2af1-4495-bcc3-6d96a0284b47,login,2026-04-07 09:13:24.148051,,
544,a1948a5e-4d53-4c5a-9316-cbc4456a3149,login,2026-03-30 03:33:24.410576,,
545,6d4e5742-c9f9-4349-9968-5da7ded71ebf,login,2026-04-06 21:03:03.608255,,
546,a0d01959-cbe9-4584-991d-486368962020,login,2026-03-27 07:01:47.594145,,
547,8894a513-41af-4764-8dde-969505bb63c0,login,2026-04-07 13:50:00.752156,,
548,b7bf9298-2199-4837-95d0-07953e74aca4,login,2026-03-21 01:45:05.956021,,
549,b51010b2-07ef-44d0-bb69-d6880346a89a,login,2026-03-28 07:53:59.733193,,
550,d7356243-5e69-4a27-8442-c431a8f87219,login,2026-04-07 00:08:07.238400,,
551,852a737d-d1f6-4d88-93c5-140cc00275bc,login,2026-03-21 04:07:48.198192,,
552,4c328ee1-6cde-41a5-a205-428ea6e3ca2e,login,2026-03-29 09:14:36.725438,,
553,dc4647ba-19da-4fe2-b553-da69cb550d80,login,2026-03-26 01:18:03.095758,,
554,30d013b2-a608-4bf7-b43b-b6b5f4336c27,login,2026-03-30 23:22:18.038363,,
555,479453b5-c142-4e86-9a7d-0db09d1ce2b6,login,2026-03-12 22:56:33.024567,,
556,3295ef8f-efe9-473b-87d6-fda668d5282a,login,2026-03-25 18:45:44.746874,,
557,d1b8beed-2f63-42cc-b167-b3221f7500fe,login,2026-03-20 05:38:31.346463,,
558,b74b8f56-dc11-48a2-ba79-b99631fcbdfa,login,2026-03-29 18:54:02.582604,,
559,d5ad5bef-a6fe-42e3-95bd-325e954d8466,login,2026-04-07 10:25:31.499319,,
560,e013cd6a-9f62-4e74-9554-1db6cbad1fe2,login,2026-04-04 11:26:10.184609,,
561,71c649d2-bb90-41cb-9547-33959318f355,login,2026-03-16 17:07:42.929097,,
562,b85d6d88-ec4d-4a4b-a366-67235909b77c,login,2026-04-06 10:36:55.495272,,
563,95917768-ba4f-40a0-8b43-620233904aff,login,2026-03-11 14:02:44.575689,,
564,65e08967-be26-4775-877b-0d9a4e8841b7,login,2026-03-25 03:45:32.226777,,
565,d03b21b8-e3e3-43a8-a002-6b83c5140e9f,login,2026-04-04 08:28:17.788771,,
566,126dc759-7da9-44a9-8d73-56ddc0fe9185,login,2026-03-31 10:51:07.755109,,
567,a50e0353-45cf-45da-9aaf-52489c6eddbb,login,2026-03-10 12:19:01.814588,,
568,69bda78c-bc1a-4560-9777-a422a612e2b9,login,2026-03-24 15:39:54.283687,,
569,e64b3420-bdd6-42e9-a8cc-9edc08d3071f,login,2026-03-22 00:24:56.988904,,
570,8ce47296-d340-4669-8b47-a30d7abe5205,login,2026-03-20 04:36:06.922392,,
571,2a05564a-c4af-4131-b3e7-7b67e1623ae4,login,2026-03-23 11:36:19.672430,,
572,f8329070-b079-4c51-98b1-a6f961c694cc,login,2026-03-31 19:09:01.074493,,
573,3177c357-5c0a-432a-965b-5e5c90b34269,login,2026-03-26 06:54:02.559994,,
574,73135da5-92c1-4e0c-8493-32e507f4af6d,login,2026-03-21 09:35:22.464947,,
575,d9b459d1-d92a-4f42-9761-2c8dcaf829e5,login,2026-03-28 07:41:16.596625,,
576,caf1d154-3767-4d88-8bb8-72b73f2321e3,login,2026-03-20 15:21:48.628510,,
577,9f5f1afe-c693-4b36-a348-ddc3d7a88a44,login,2026-04-05 00:14:22.176945,,
578,38588833-1350-4559-a824-c90eba39b4de,login,2026-03-23 10:20:36.088953,,
579,b881bdfa-6a62-4a4a-8de2-7b2087e37f34,login,2026-04-08 05:32:25.660475,,
580,398d82cb-7b6d-47ab-bf57-6200bc95ce97,login,2026-03-23 07:10:12.482397,,
581,53b41cb6-2a03-4c38-a8da-89da9bbccb6d,login,2026-04-06 05:37:11.507457,,
582,5106e66f-8ecb-4a90-800e-79ef88e6bcda,login,2026-03-19 13:04:58.818136,,
583,7b20989f-34e6-4e78-abdd-10b004f07b65,login,2026-03-14 22:04:08.130185,,
584,52bdb904-3091-4230-98eb-2847dac21c6d,login,2026-04-03 09:50:38.598994,,
585,aa5f62ca-9339-4e93-8cc4-5f80c1d2fd41,login,2026-03-17 13:37:47.225249,,
586,8b24c4e0-e510-4edd-8982-831be57fcdf5,login,2026-03-17 22:57:48.500759,,
587,dae5ef73-89b2-4653-a285-88167c9254c5,login,2026-03-25 04:05:41.972227,,
588,aa7894c2-cac3-4301-9e4e-ae473041a550,login,2026-04-07 14:41:22.142879,,
589,b7ccd7c1-2efd-46f7-9acc-0ebcdfca3bfe,login,2026-03-30 23:14:52.890585,,
590,8ccd9f49-a746-4353-8e91-e59db23316da,login,2026-03-30 17:14:51.469980,,
591,792401fb-7b6b-4871-afa6-b0a49f087fdb,login,2026-04-08 13:57:04.182351,,
592,004419b4-7d5f-4ece-a12f-731f7291708d,login,2026-04-02 09:28:06.436930,,
593,2f410aca-7747-4a15-9885-2caafe70e22c,login,2026-04-06 03:47:38.080469,,
594,4c9920e8-87fa-47d3-81a6-b93ce883bef9,login,2026-03-26 03:35:20.445745,,
595,c160e01f-bb96-42c0-9d90-caac21c93631,login,2026-03-20 20:52:30.049468,,
596,774dd099-d04a-4cba-b90a-957d18eb0be6,login,2026-03-14 17:01:23.174362,,
597,bed8f756-74df-4efa-b90e-a5048dedb842,login,2026-03-24 08:17:51.275608,,
598,0220a495-c44c-47f2-88fe-332542c7272b,login,2026-03-28 13:47:27.108024,,
599,3f61c783-2de0-46d5-91c0-7dbd2bed751a,login,2026-03-22 04:04:08.138437,,
600,d38ac57e-5c92-4d82-9338-798dc5398f0c,login,2026-03-14 10:16:52.754925,,
601,31c0ee5b-43e4-4bfe-b268-f8fbfd40ac0a,login,2026-04-03 21:48:47.020372,,
602,a65de510-ec1b-45d3-9047-aeec2304df9e,login,2026-03-26 18:56:26.114488,,
603,0c14d7e7-c492-4300-bb7c-587d9bc06197,login,2026-03-25 09:04:19.623171,,
604,306730a2-a9df-4cf1-97b4-b1c5d4708522,login,2026-03-30 08:17:12.544235,,
605,4178efc8-7d23-445c-809d-99403c37a34e,login,2026-03-18 11:29:33.621601,,
606,8146268c-2e92-439f-8ae4-5be47bd85db2,login,2026-03-20 05:45:39.021265,,
607,e0f2c3ed-8ef1-4210-bf9b-dad0992cc70f,login,2026-03-21 05:19:54.443602,,
608,c5d4fa19-67fa-4635-be2b-f24a161e4647,login,2026-03-11 20:21:44.933716,,
609,53e1dd9c-6241-402e-8a5c-0e6def4e7e89,login,2026-03-21 23:53:24.455017,,
610,3a7de120-9a76-46a1-8499-23363e6c0fa4,login,2026-03-17 00:29:23.573116,,
611,84d353ee-c7e8-4343-8a8f-7e69dd1fc41c,login,2026-03-11 04:39:25.486708,,
612,e34fecc7-b05b-42d7-9ade-d636d1fa4b21,login,2026-03-16 08:08:12.555331,,
613,4267180c-28bc-4694-a1c0-357cc48afbb4,login,2026-04-02 17:45:43.891582,,
614,a6894279-e721-42c1-a7f4-2aede0b54be6,login,2026-03-31 19:37:34.986734,,
615,cb06ee98-df80-44a0-a40f-5b02d1d594ab,login,2026-04-04 00:45:02.486325,,
616,8804bc50-bb30-4aee-93d8-cfd832832661,login,2026-04-05 20:55:16.085331,,
617,8fa1231f-3bc8-4605-8728-a538d656f8d6,login,2026-03-28 09:10:48.813923,,
618,ad57e260-7d0c-41d3-b449-05cadd9cef07,login,2026-04-06 03:02:29.471621,,
619,f3538881-eef0-45a2-87bc-a6ba2d096449,login,2026-03-30 02:25:36.823518,,
620,1a3e9819-4fbe-4155-8b76-bb0a24a241c6,login,2026-03-17 08:49:03.305237,,
621,138aeb45-f743-401a-99f6-835313132637,login,2026-03-24 14:20:59.961837,,
622,62ed9133-186b-4b48-802d-3f3deb2806b6,login,2026-03-20 07:15:04.118783,,
623,8e136cae-c057-45ba-991c-34c6f5e4fffa,login,2026-03-28 12:55:20.990913,,
624,9a4541dc-0ce2-484b-bc57-a6a27da938f4,login,2026-04-07 09:32:49.747893,,
625,2bd2e90d-751f-4997-bf2d-cda5aa638474,login,2026-03-13 12:18:30.368742,,
626,5d23a74d-b6a7-4c68-bde7-4b44b27d4ea7,login,2026-03-23 07:54:25.217667,,
627,e8a45423-284e-4642-b46c-c022be6efa04,login,2026-03-26 15:43:20.384636,,
628,8466e1ac-5c5c-48f0-9f28-2c96ddbc8944,login,2026-04-08 14:03:34.645257,,
629,d90f755a-3284-4984-b3ae-ea3770f9a520,login,2026-04-07 02:10:50.066052,,
630,d9a13358-0a12-4328-a016-f084eceaefb4,login,2026-03-22 21:52:18.888516,,
631,98b5dfb0-7569-4708-ba1d-fa4076b91780,login,2026-03-17 09:29:28.324299,,
632,19c768ea-df9c-4c0e-8a78-13e3122b7d61,login,2026-03-22 10:08:31.716831,,
633,4ff5f1ee-357c-47c1-be1b-bb8898f1dc21,login,2026-04-03 04:14:25.908897,,
634,fa14d4de-d322-4bf4-9d44-5399549078a2,login,2026-04-04 02:26:36.999260,,
635,48cd5213-e9cd-4bdb-ba68-d6c7e3a57523,login,2026-03-12 13:41:41.470627,,
636,1f90a8b7-6878-467a-8804-3f4bdae54d86,login,2026-03-19 14:51:41.707149,,
637,29309f61-d66d-46e4-9ede-d47c03362404,login,2026-03-31 00:06:07.253195,,
638,2bbe6967-6920-4fc7-a0a7-11565d842221,login,2026-03-12 19:17:27.863935,,
639,2eac5d30-ca2e-4d28-9c42-a9cc7e835e56,login,2026-04-05 20:52:53.380665,,
640,ed97d4d5-c8f9-493f-909e-5652c027f926,login,2026-04-04 03:16:35.549936,,
641,95e122bb-abac-440d-9031-ddab793793bb,login,2026-03-19 21:44:41.178509,,
642,87681570-7ff6-44c5-824a-60e3c79f8bdc,login,2026-03-31 08:15:13.621029,,
643,8b989d36-0dce-4e52-9269-7bfea9edffe2,login,2026-03-19 03:51:53.590641,,
644,202bb672-02df-4b12-852b-e9c494e08075,login,2026-03-17 20:56:22.541647,,
645,025859fd-05d6-4806-b208-c0355f337786,login,2026-03-30 16:57:40.891476,,
646,96478da8-140f-4098-8d93-10d1078ee7e4,login,2026-03-26 01:17:09.529565,,
647,12f00068-7e65-4d00-8ea4-25ca65ab7a58,login,2026-03-23 18:43:12.951358,,
648,bfc7fcfc-7db0-43c4-8d13-aa9b5f88e1ed,login,2026-03-12 02:31:12.106074,,
649,12358cda-0216-49c2-bd64-ee214a4625ec,login,2026-03-22 11:52:25.144555,,
650,ee2497c8-8392-4949-a114-ef49c24ef6f5,login,2026-03-27 15:03:19.625892,,
651,eb4fa733-2102-4ff6-971c-ec351385a8a8,login,2026-03-15 17:58:45.450019,,
652,e4a958af-7965-4bea-8498-1f6f669eca39,login,2026-03-23 05:08:29.479970,,
653,850ce265-7b89-45ec-802d-f4f66efef2ba,login,2026-03-28 16:19:31.182678,,
654,f5185eb7-7ac4-4ade-84bf-2634f95f1398,login,2026-04-05 00:17:33.717237,,
655,b8d3165e-e86c-4f72-9970-b18a28100e59,login,2026-04-08 07:13:09.657438,,
656,91151fc2-6737-4227-a82c-a5c54a570061,login,2026-04-08 19:35:04.080818,,
657,15499560-1973-4317-b6e6-ac8e93d95b82,login,2026-03-25 10:09:03.452867,,
658,82fad524-c8d1-4c00-8cd5-b6a08b0e32c8,login,2026-04-02 09:33:19.511755,,
659,32c6ebee-fddc-47f5-8a82-2a504f00822c,login,2026-03-12 08:11:57.737273,,
660,65affb4b-3872-483b-9fc4-fd286844d397,login,2026-03-28 06:24:14.219030,,
661,48bf8100-d4e8-4e70-b085-75199ffc0d4a,login,2026-03-16 08:12:48.908386,,
662,d93d0590-4fbb-4dc9-a934-6e6cf9a2ef67,login,2026-04-03 21:06:56.321160,,
663,b447541c-2ce3-46bd-958a-5d5ee271c310,login,2026-03-11 15:37:29.028221,,
664,32a099f9-08c1-44d0-9e2f-242234f5d2c9,login,2026-04-08 20:27:29.368051,,
665,d238bf9a-70f4-472b-80a4-62101b8bae12,login,2026-04-03 02:20:42.600401,,
666,820f3709-b5e4-4401-bed1-24f80cec60de,login,2026-03-27 21:39:39.690878,,
667,fa8a6aa6-09ef-484d-8a42-3a5211b85aa9,login,2026-03-17 13:58:06.875575,,
668,0c3e3b3d-660b-4b6c-a26f-60e102fd01ca,login,2026-03-31 06:27:07.858359,,
669,3625aae0-0f0c-4a88-a092-558fd4bdbe77,login,2026-03-22 22:45:34.104658,,
670,e02a570d-186d-4928-9106-5f915844182a,login,2026-04-08 07:56:48.834167,,
671,1ada1271-75f7-4d00-83d7-c78f664250ba,login,2026-04-01 20:02:09.065379,,
672,259af31b-e2c5-447d-a12e-326b92eaff96,login,2026-04-03 16:44:44.265884,,
673,03b9d6b6-44c6-43ad-afb4-c06decdc6496,login,2026-03-22 09:12:51.272776,,
674,6fc0cd81-ac92-4d4c-b459-626c63c39641,login,2026-03-23 13:42:51.404751,,
675,91921ff0-2238-40b9-a727-a2c8208e73ec,login,2026-03-16 22:54:43.318694,,
676,6a09a01a-d9fb-46d6-82ca-9c668b514df1,login,2026-03-12 15:13:24.389674,,
677,a6d38e16-407f-4f65-83e9-50e92d90ee5a,login,2026-04-05 11:31:47.144637,,
678,f4edefae-1663-4ced-a0ba-b75c2de1d129,login,2026-03-11 22:04:24.823444,,
679,7898ac13-4358-4c03-82e7-bab2a15dc7dd,login,2026-03-29 12:51:36.251602,,
680,e92f106c-40f7-4538-8d82-c82fd9b43c2a,login,2026-04-08 11:50:39.273060,,
681,b43f9232-8338-4894-8125-44f75c6f7213,login,2026-03-24 23:18:59.007489,,
682,9cdc13c0-9c7d-4d5f-81cd-7bad75f5d32b,login,2026-03-29 10:52:59.593286,,
683,946531fc-0b7c-4ead-8833-1e78cd9d7254,login,2026-03-20 13:44:44.515816,,
684,e6f6c350-c7b3-416e-be3b-8e00a187b801,login,2026-03-12 21:56:44.836916,,
685,9a256b78-3b5f-454b-bbea-ac5c531fad85,login,2026-03-18 05:53:44.563178,,
686,7c48dfdb-543c-45c8-820a-cfc2e6f985b0,login,2026-03-17 13:21:05.906840,,
687,1ec1b95f-7fdc-4c66-8653-1af1164ed05f,login,2026-03-30 13:37:34.379837,,
688,beda43fc-bb26-4d1a-bdd8-cac81ccaf9e7,login,2026-04-01 00:13:27.874535,,
689,797bd2d6-da08-43fe-a973-df9fd9987a73,login,2026-04-09 04:17:26.978150,,
690,de2fcd7d-efbe-4bcd-9f17-51ac7158c0e5,login,2026-03-27 22:44:54.083661,,
691,9e1599cb-63f9-4417-9540-81e04a8f5177,login,2026-03-17 05:58:54.199497,,
692,7719bf12-9ff5-4428-8aad-ee8314f30538,login,2026-04-01 03:52:36.909426,,
693,40cfde15-c701-4b6c-8f74-3fc5e41083f8,login,2026-03-21 22:18:30.467769,,
694,c1a73b76-63b7-417f-801d-2ca917bdd8cf,login,2026-04-04 00:43:45.485577,,
695,921e2fe8-2663-4401-bfd8-2c7fb06f2efe,login,2026-03-20 07:18:02.183950,,
696,f91f8f88-3d50-434f-9e44-502746d14fdb,login,2026-03-12 11:16:25.162442,,
697,b30d4ef3-7145-4250-8b1c-73593f93f5a4,login,2026-03-28 07:35:56.167218,,
698,c3104e34-fad2-4918-ab35-34e2089baac8,login,2026-03-27 05:11:14.604213,,
699,b380c49e-96c3-4fb0-8287-e86e811503bd,login,2026-03-13 17:04:20.095992,,
700,a8604273-dd85-448a-b760-9d97fe15508e,login,2026-04-07 22:02:08.039932,,
701,27189c9c-fe63-479c-afe4-4f36d6c81342,login,2026-03-23 18:41:19.724568,,
702,17f88913-9848-4349-9584-318dadf6d4e8,login,2026-03-19 00:33:35.002436,,
703,cbfd5497-d53e-4b77-9e68-eddc73274354,login,2026-03-28 01:52:53.898815,,
704,e56f8df3-75f4-482e-bedd-91f9dd9ae32d,login,2026-04-05 06:10:32.642122,,
705,38ad2c22-8720-433c-a7e5-ad33975dd719,login,2026-03-31 01:10:22.249196,,
706,0cfa707e-85b9-42e6-8a07-d4fb0f608d1f,login,2026-03-12 03:12:25.157693,,
707,6b2d7557-43ef-45d3-85f6-cf657e613fce,login,2026-03-14 19:51:15.160352,,
708,4ce4884c-d936-4b87-b357-aeb8a54029c3,login,2026-03-29 00:03:45.757682,,
709,401792cf-8cc2-4a53-bfd4-e45815dd2439,login,2026-03-19 01:44:42.497097,,
710,16b249e2-110a-4df5-96a4-e5540165603d,login,2026-03-14 00:54:35.347015,,
711,dce48cfe-7663-4375-8203-cc80244f8226,login,2026-03-20 03:16:25.712769,,
712,b46282e3-3035-4e07-9bf8-998fc7ccc0e7,login,2026-03-16 15:54:38.300303,,
713,7eb9b18c-fd8c-4a1e-878d-d3f4bcfd004d,login,2026-03-31 15:33:39.845689,,
714,39114930-df10-4bf2-a421-a2385b827efc,login,2026-03-30 01:40:43.285350,,
715,6f49ffd8-1183-4b45-b7c5-c4434521922f,login,2026-03-11 10:50:13.799964,,
716,343176dc-beb6-4ba6-a314-d7d79d6aa1f6,login,2026-03-19 17:42:26.586986,,
717,b794a059-9f35-4704-8996-c4e9e1484e5a,login,2026-03-31 13:30:21.662686,,
718,bbc68acc-a135-483e-a9de-e9aebd297e88,login,2026-04-04 17:40:51.932858,,
719,3e84e5af-7f45-497f-85ff-5d92db6ad486,login,2026-03-16 00:32:56.746521,,
720,aa8af17e-99e9-4b93-9f58-0e3351b283ef,login,2026-04-08 07:07:14.206926,,
721,d6951231-2f74-4883-8ec2-dfcaa9a553fe,login,2026-03-10 14:06:58.695554,,
722,aa103dca-4970-47d1-98d3-823b5d2eb1e7,login,2026-03-13 00:23:51.532049,,
723,51ed0aef-c426-4e43-8c28-25412ed26c4b,login,2026-03-25 10:10:29.845753,,
724,3dc822f8-c924-49b3-a0f5-d10f11fa4eaa,login,2026-03-30 22:39:13.175417,,
725,4e0cc065-02f2-4ffb-8c7a-53ef8f1cebcb,login,2026-03-22 19:04:14.777719,,
726,dd5f28ca-f22e-4dc8-b2cb-47c0fd0e53d3,login,2026-04-09 05:54:16.709262,,
727,a49f12d8-704c-4d21-a6ca-dd53c982193c,login,2026-03-26 06:34:42.031670,,
728,54471fb0-0ea0-4af1-900b-a4fa126a031a,login,2026-03-28 03:19:19.750676,,
729,8e66611e-8fa4-437b-a520-617bfe3e9e00,login,2026-04-01 14:45:22.186420,,
730,ac605a6e-573f-4b5e-9393-56bedbae2d62,login,2026-03-22 07:01:25.214647,,
731,3f97a7ba-8d3e-46c0-aded-e40b2915117e,login,2026-03-16 01:11:57.510317,,
732,66198b85-9305-4da7-b273-456601155ee9,login,2026-04-06 14:26:30.884855,,
733,09f2b063-cefb-4892-9a10-b700fc2ff71c,login,2026-03-21 01:57:41.678855,,
734,6e7cbcdf-1609-4f8c-b182-7e1045ba8034,login,2026-03-22 17:50:59.619559,,
735,e2ee906e-f598-4acb-814d-8aa91aae97d4,login,2026-03-14 04:26:09.734818,,
736,2e080787-e938-4da0-8fbe-abb764ce40ac,login,2026-04-05 21:16:14.746992,,
737,6f460dec-6e9a-4ed9-bf41-0d7b759a7abd,login,2026-03-24 06:03:09.829144,,
738,986efed4-cbc6-4ce2-9cd5-909289e46864,login,2026-04-03 23:51:20.915041,,
739,5c886fee-cafa-4bfe-943f-6c0c26256895,login,2026-03-17 17:41:42.046692,,
740,6cb9b9f3-adbf-41b5-955f-fb90301ad279,login,2026-03-10 14:26:14.687516,,
741,b43dc66e-47e1-485c-9b4d-07eb6bfa86d2,login,2026-03-18 21:14:02.199701,,
742,a8330e03-84dd-45f5-9b4c-3bbe1a2bf592,login,2026-03-21 22:37:42.884681,,
743,3cec793d-7aa3-48bd-9ac9-e6a0d7558b75,login,2026-03-31 19:14:38.060982,,
744,ea6a1a10-29be-4939-88cd-966e81c4c5a7,login,2026-04-01 21:40:37.888392,,
745,d445c7a2-2f5a-4e57-9cc1-a1ac96eb7004,login,2026-03-19 13:43:02.000366,,
746,4e1fbeb8-4bda-42df-bcea-abfb46ecedaf,login,2026-03-31 02:42:52.804301,,
747,fd04b111-6bcc-414f-9ac9-94cfc316b228,login,2026-04-08 16:51:49.494803,,
748,2610231d-507b-4869-8bec-0fcf93ba1056,login,2026-04-05 06:16:28.848323,,
749,9c061bfc-67e1-4ec3-be5c-c68a831c8847,login,2026-03-22 13:33:40.622155,,
750,68ad5c69-a092-44f8-aa77-6c3e6fa6bcbe,login,2026-03-30 06:01:34.969449,,
751,0de362e8-2af1-4495-bcc3-6d96a0284b47,login,2026-03-13 11:03:31.174037,,
752,a1948a5e-4d53-4c5a-9316-cbc4456a3149,login,2026-03-13 11:48:41.741869,,
753,6d4e5742-c9f9-4349-9968-5da7ded71ebf,login,2026-04-03 19:17:18.055554,,
754,a0d01959-cbe9-4584-991d-486368962020,login,2026-03-25 00:11:57.716870,,
755,8894a513-41af-4764-8dde-969505bb63c0,login,2026-03-18 13:32:54.172667,,
756,b7bf9298-2199-4837-95d0-07953e74aca4,login,2026-04-07 09:50:34.060343,,
757,b51010b2-07ef-44d0-bb69-d6880346a89a,login,2026-03-27 20:08:20.149810,,
758,d7356243-5e69-4a27-8442-c431a8f87219,login,2026-04-05 10:27:38.762455,,
759,852a737d-d1f6-4d88-93c5-140cc00275bc,login,2026-03-19 10:19:25.993861,,
760,4c328ee1-6cde-41a5-a205-428ea6e3ca2e,login,2026-03-14 03:55:00.799024,,
761,dc4647ba-19da-4fe2-b553-da69cb550d80,login,2026-03-12 23:12:57.219264,,
762,30d013b2-a608-4bf7-b43b-b6b5f4336c27,login,2026-04-07 18:43:22.153615,,
763,479453b5-c142-4e86-9a7d-0db09d1ce2b6,login,2026-03-21 16:08:11.695165,,
764,3295ef8f-efe9-473b-87d6-fda668d5282a,login,2026-04-03 05:55:26.235885,,
765,d1b8beed-2f63-42cc-b167-b3221f7500fe,login,2026-03-24 02:41:40.979621,,
766,b74b8f56-dc11-48a2-ba79-b99631fcbdfa,login,2026-04-01 00:59:29.670344,,
767,d5ad5bef-a6fe-42e3-95bd-325e954d8466,login,2026-03-17 23:54:21.010908,,
768,e013cd6a-9f62-4e74-9554-1db6cbad1fe2,login,2026-03-31 01:02:06.976754,,
769,71c649d2-bb90-41cb-9547-33959318f355,login,2026-03-26 14:29:13.244688,,
770,b85d6d88-ec4d-4a4b-a366-67235909b77c,login,2026-04-04 10:08:21.953633,,
771,95917768-ba4f-40a0-8b43-620233904aff,login,2026-03-13 13:09:41.730268,,
772,65e08967-be26-4775-877b-0d9a4e8841b7,login,2026-04-04 13:17:11.993760,,
773,d03b21b8-e3e3-43a8-a002-6b83c5140e9f,login,2026-04-04 09:49:40.075250,,
774,126dc759-7da9-44a9-8d73-56ddc0fe9185,login,2026-03-16 22:18:07.485619,,
775,a50e0353-45cf-45da-9aaf-52489c6eddbb,login,2026-03-27 01:49:33.352860,,
776,69bda78c-bc1a-4560-9777-a422a612e2b9,login,2026-03-14 20:59:54.863617,,
777,e64b3420-bdd6-42e9-a8cc-9edc08d3071f,login,2026-03-29 02:53:15.622657,,
778,8ce47296-d340-4669-8b47-a30d7abe5205,login,2026-04-01 07:52:17.512700,,
779,2a05564a-c4af-4131-b3e7-7b67e1623ae4,login,2026-03-13 03:34:11.450513,,
780,f8329070-b079-4c51-98b1-a6f961c694cc,login,2026-03-15 09:24:36.615478,,
781,3177c357-5c0a-432a-965b-5e5c90b34269,login,2026-03-24 09:16:41.006373,,
782,73135da5-92c1-4e0c-8493-32e507f4af6d,login,2026-04-04 23:33:33.170225,,
783,d9b459d1-d92a-4f42-9761-2c8dcaf829e5,login,2026-03-30 14:22:33.997791,,
784,caf1d154-3767-4d88-8bb8-72b73f2321e3,login,2026-03-18 02:31:51.026144,,
785,9f5f1afe-c693-4b36-a348-ddc3d7a88a44,login,2026-04-07 12:25:19.932866,,
786,38588833-1350-4559-a824-c90eba39b4de,login,2026-03-31 13:45:26.810617,,
787,b881bdfa-6a62-4a4a-8de2-7b2087e37f34,login,2026-04-04 05:22:57.732574,,
788,398d82cb-7b6d-47ab-bf57-6200bc95ce97,login,2026-03-28 15:19:14.127060,,
789,53b41cb6-2a03-4c38-a8da-89da9bbccb6d,login,2026-04-02 17:49:15.091897,,
790,5106e66f-8ecb-4a90-800e-79ef88e6bcda,login,2026-03-16 03:00:50.191246,,
791,7b20989f-34e6-4e78-abdd-10b004f07b65,login,2026-03-31 11:16:05.037062,,
792,52bdb904-3091-4230-98eb-2847dac21c6d,login,2026-03-25 22:03:19.286833,,
793,aa5f62ca-9339-4e93-8cc4-5f80c1d2fd41,login,2026-04-05 10:57:53.834613,,
794,8b24c4e0-e510-4edd-8982-831be57fcdf5,login,2026-04-07 16:41:05.124194,,
795,dae5ef73-89b2-4653-a285-88167c9254c5,login,2026-03-31 02:42:11.814481,,
796,aa7894c2-cac3-4301-9e4e-ae473041a550,login,2026-03-22 08:15:12.513965,,
797,b7ccd7c1-2efd-46f7-9acc-0ebcdfca3bfe,login,2026-04-06 01:51:52.471491,,
798,8ccd9f49-a746-4353-8e91-e59db23316da,login,2026-04-03 01:17:41.145476,,
799,792401fb-7b6b-4871-afa6-b0a49f087fdb,login,2026-03-21 19:38:37.483382,,
800,004419b4-7d5f-4ece-a12f-731f7291708d,login,2026-03-21 17:57:55.069579,,
801,2f410aca-7747-4a15-9885-2caafe70e22c,login,2026-04-01 21:50:13.242179,,
802,4c9920e8-87fa-47d3-81a6-b93ce883bef9,login,2026-03-31 10:26:34.921071,,
803,c160e01f-bb96-42c0-9d90-caac21c93631,login,2026-03-16 09:29:21.506925,,
804,774dd099-d04a-4cba-b90a-957d18eb0be6,login,2026-03-27 04:32:55.453947,,
805,bed8f756-74df-4efa-b90e-a5048dedb842,login,2026-03-11 02:13:53.536224,,
806,0220a495-c44c-47f2-88fe-332542c7272b,login,2026-03-21 08:55:15.438069,,
807,3f61c783-2de0-46d5-91c0-7dbd2bed751a,login,2026-03-18 05:56:26.675619,,
808,d38ac57e-5c92-4d82-9338-798dc5398f0c,login,2026-03-31 08:19:00.096747,,
809,31c0ee5b-43e4-4bfe-b268-f8fbfd40ac0a,login,2026-03-17 04:40:35.661808,,
810,a65de510-ec1b-45d3-9047-aeec2304df9e,login,2026-03-21 08:58:11.102022,,
811,0c14d7e7-c492-4300-bb7c-587d9bc06197,login,2026-03-25 23:44:26.754574,,
812,306730a2-a9df-4cf1-97b4-b1c5d4708522,login,2026-03-24 17:47:59.215287,,
813,4178efc8-7d23-445c-809d-99403c37a34e,login,2026-03-30 12:26:53.244427,,
814,8146268c-2e92-439f-8ae4-5be47bd85db2,login,2026-03-28 17:40:50.782658,,
815,e0f2c3ed-8ef1-4210-bf9b-dad0992cc70f,login,2026-03-10 19:06:27.552573,,
816,c5d4fa19-67fa-4635-be2b-f24a161e4647,login,2026-03-24 09:13:07.106772,,
817,53e1dd9c-6241-402e-8a5c-0e6def4e7e89,login,2026-03-27 12:42:05.861053,,
818,3a7de120-9a76-46a1-8499-23363e6c0fa4,login,2026-03-23 03:32:53.605377,,
819,84d353ee-c7e8-4343-8a8f-7e69dd1fc41c,login,2026-03-19 11:31:44.767465,,
820,e34fecc7-b05b-42d7-9ade-d636d1fa4b21,login,2026-03-22 19:24:47.049415,,
821,4267180c-28bc-4694-a1c0-357cc48afbb4,login,2026-03-28 08:41:33.180907,,
822,a6894279-e721-42c1-a7f4-2aede0b54be6,login,2026-04-08 14:35:21.824553,,
823,cb06ee98-df80-44a0-a40f-5b02d1d594ab,login,2026-03-20 20:15:09.966609,,
824,8804bc50-bb30-4aee-93d8-cfd832832661,login,2026-04-06 16:47:33.047014,,
825,8fa1231f-3bc8-4605-8728-a538d656f8d6,login,2026-03-11 23:31:58.294323,,
826,ad57e260-7d0c-41d3-b449-05cadd9cef07,login,2026-04-05 21:37:22.442768,,
827,f3538881-eef0-45a2-87bc-a6ba2d096449,login,2026-04-09 08:07:47.910244,,
828,1a3e9819-4fbe-4155-8b76-bb0a24a241c6,login,2026-04-08 15:57:51.343172,,
829,138aeb45-f743-401a-99f6-835313132637,login,2026-03-27 05:11:47.959828,,
830,62ed9133-186b-4b48-802d-3f3deb2806b6,login,2026-04-02 23:15:22.228955,,
831,8e136cae-c057-45ba-991c-34c6f5e4fffa,login,2026-03-12 14:12:21.812365,,
832,9a4541dc-0ce2-484b-bc57-a6a27da938f4,login,2026-03-12 10:43:54.334008,,
833,2bd2e90d-751f-4997-bf2d-cda5aa638474,login,2026-03-12 14:53:51.802758,,
834,5d23a74d-b6a7-4c68-bde7-4b44b27d4ea7,login,2026-04-05 23:50:36.956562,,
835,e8a45423-284e-4642-b46c-c022be6efa04,login,2026-03-25 00:05:18.828998,,
836,8466e1ac-5c5c-48f0-9f28-2c96ddbc8944,login,2026-03-30 06:18:05.337162,,
837,d90f755a-3284-4984-b3ae-ea3770f9a520,login,2026-03-14 10:01:01.585228,,
838,d9a13358-0a12-4328-a016-f084eceaefb4,login,2026-03-28 06:45:42.051853,,
839,98b5dfb0-7569-4708-ba1d-fa4076b91780,login,2026-03-19 22:45:02.675709,,
840,19c768ea-df9c-4c0e-8a78-13e3122b7d61,login,2026-03-10 21:59:34.290609,,
841,4ff5f1ee-357c-47c1-be1b-bb8898f1dc21,login,2026-03-28 04:42:43.707047,,
842,fa14d4de-d322-4bf4-9d44-5399549078a2,login,2026-03-16 19:09:27.927958,,
843,48cd5213-e9cd-4bdb-ba68-d6c7e3a57523,login,2026-04-07 00:01:53.958321,,
844,1f90a8b7-6878-467a-8804-3f4bdae54d86,login,2026-03-31 19:54:18.594533,,
845,29309f61-d66d-46e4-9ede-d47c03362404,login,2026-03-13 16:15:49.450114,,
846,2bbe6967-6920-4fc7-a0a7-11565d842221,login,2026-03-10 18:12:33.788371,,
847,2eac5d30-ca2e-4d28-9c42-a9cc7e835e56,login,2026-03-19 14:42:25.355376,,
848,ed97d4d5-c8f9-493f-909e-5652c027f926,login,2026-03-22 18:04:22.091268,,
849,95e122bb-abac-440d-9031-ddab793793bb,login,2026-03-24 15:48:07.611133,,
850,87681570-7ff6-44c5-824a-60e3c79f8bdc,login,2026-04-08 20:57:04.309969,,
851,8b989d36-0dce-4e52-9269-7bfea9edffe2,login,2026-03-19 10:44:31.005786,,
852,202bb672-02df-4b12-852b-e9c494e08075,login,2026-04-03 13:00:08.174723,,
853,025859fd-05d6-4806-b208-c0355f337786,login,2026-03-27 09:00:36.656750,,
854,96478da8-140f-4098-8d93-10d1078ee7e4,login,2026-03-16 12:46:36.573646,,
855,12f00068-7e65-4d00-8ea4-25ca65ab7a58,login,2026-03-16 08:05:34.183344,,
856,bfc7fcfc-7db0-43c4-8d13-aa9b5f88e1ed,login,2026-04-03 13:55:17.095216,,
857,12358cda-0216-49c2-bd64-ee214a4625ec,login,2026-03-26 14:46:16.167494,,
858,ee2497c8-8392-4949-a114-ef49c24ef6f5,login,2026-03-15 11:27:54.853984,,
859,eb4fa733-2102-4ff6-971c-ec351385a8a8,login,2026-03-14 23:51:09.083879,,
860,e4a958af-7965-4bea-8498-1f6f669eca39,login,2026-03-10 21:34:06.915644,,
861,850ce265-7b89-45ec-802d-f4f66efef2ba,login,2026-03-14 17:41:12.910255,,
862,f5185eb7-7ac4-4ade-84bf-2634f95f1398,login,2026-03-22 17:54:38.074703,,
863,b8d3165e-e86c-4f72-9970-b18a28100e59,login,2026-04-05 01:00:26.592698,,
864,91151fc2-6737-4227-a82c-a5c54a570061,login,2026-03-19 10:24:38.832283,,
865,15499560-1973-4317-b6e6-ac8e93d95b82,login,2026-03-25 02:12:03.714867,,
866,82fad524-c8d1-4c00-8cd5-b6a08b0e32c8,login,2026-03-15 17:33:01.195802,,
867,32c6ebee-fddc-47f5-8a82-2a504f00822c,login,2026-03-13 01:21:07.836535,,
868,65affb4b-3872-483b-9fc4-fd286844d397,login,2026-03-18 19:03:56.562954,,
869,48bf8100-d4e8-4e70-b085-75199ffc0d4a,login,2026-04-05 08:08:35.118402,,
870,d93d0590-4fbb-4dc9-a934-6e6cf9a2ef67,login,2026-03-28 21:12:28.076259,,
871,b447541c-2ce3-46bd-958a-5d5ee271c310,login,2026-03-22 15:41:32.032299,,
872,32a099f9-08c1-44d0-9e2f-242234f5d2c9,login,2026-03-14 16:38:14.708791,,
873,d238bf9a-70f4-472b-80a4-62101b8bae12,login,2026-03-30 20:24:51.512516,,
874,820f3709-b5e4-4401-bed1-24f80cec60de,login,2026-03-28 01:05:32.866627,,
875,fa8a6aa6-09ef-484d-8a42-3a5211b85aa9,login,2026-03-28 14:54:48.351568,,
876,0c3e3b3d-660b-4b6c-a26f-60e102fd01ca,login,2026-04-08 12:48:38.647877,,
877,3625aae0-0f0c-4a88-a092-558fd4bdbe77,login,2026-03-24 21:17:32.779055,,
878,e02a570d-186d-4928-9106-5f915844182a,login,2026-03-20 10:49:14.804816,,
879,1ada1271-75f7-4d00-83d7-c78f664250ba,login,2026-03-17 04:47:26.389373,,
880,259af31b-e2c5-447d-a12e-326b92eaff96,login,2026-03-16 01:46:31.588527,,
881,03b9d6b6-44c6-43ad-afb4-c06decdc6496,login,2026-03-23 07:41:02.794477,,
882,6fc0cd81-ac92-4d4c-b459-626c63c39641,login,2026-03-26 20:48:34.231759,,
883,91921ff0-2238-40b9-a727-a2c8208e73ec,login,2026-04-01 14:35:29.059637,,
884,6a09a01a-d9fb-46d6-82ca-9c668b514df1,login,2026-03-14 10:40:52.157172,,
885,a6d38e16-407f-4f65-83e9-50e92d90ee5a,login,2026-03-19 22:03:13.490967,,
886,f4edefae-1663-4ced-a0ba-b75c2de1d129,login,2026-03-27 13:06:28.093011,,
887,7898ac13-4358-4c03-82e7-bab2a15dc7dd,login,2026-03-21 10:13:51.210669,,
888,e92f106c-40f7-4538-8d82-c82fd9b43c2a,login,2026-04-06 17:31:32.876809,,
889,b43f9232-8338-4894-8125-44f75c6f7213,login,2026-04-06 19:37:41.138090,,
890,9cdc13c0-9c7d-4d5f-81cd-7bad75f5d32b,login,2026-03-25 03:57:08.529767,,
891,946531fc-0b7c-4ead-8833-1e78cd9d7254,login,2026-04-05 06:37:09.230780,,
892,e6f6c350-c7b3-416e-be3b-8e00a187b801,login,2026-03-15 19:42:18.774807,,
893,9a256b78-3b5f-454b-bbea-ac5c531fad85,login,2026-04-03 00:42:06.814638,,
894,7c48dfdb-543c-45c8-820a-cfc2e6f985b0,login,2026-03-23 08:19:47.865170,,
895,1ec1b95f-7fdc-4c66-8653-1af1164ed05f,login,2026-03-18 17:22:29.648565,,
896,beda43fc-bb26-4d1a-bdd8-cac81ccaf9e7,login,2026-03-16 09:11:36.500075,,
897,797bd2d6-da08-43fe-a973-df9fd9987a73,login,2026-03-16 08:44:01.118001,,
898,de2fcd7d-efbe-4bcd-9f17-51ac7158c0e5,login,2026-03-10 14:19:37.823356,,
899,9e1599cb-63f9-4417-9540-81e04a8f5177,login,2026-03-31 12:29:50.548929,,
900,7719bf12-9ff5-4428-8aad-ee8314f30538,login,2026-04-07 01:30:31.711013,,
901,40cfde15-c701-4b6c-8f74-3fc5e41083f8,login,2026-03-12 15:37:50.625063,,
902,c1a73b76-63b7-417f-801d-2ca917bdd8cf,login,2026-03-12 09:36:38.825050,,
903,921e2fe8-2663-4401-bfd8-2c7fb06f2efe,login,2026-03-24 11:28:42.859076,,
904,f91f8f88-3d50-434f-9e44-502746d14fdb,login,2026-04-05 06:57:55.613295,,
905,b30d4ef3-7145-4250-8b1c-73593f93f5a4,login,2026-03-23 01:28:34.428390,,
906,c3104e34-fad2-4918-ab35-34e2089baac8,login,2026-04-01 05:13:47.672805,,
907,b380c49e-96c3-4fb0-8287-e86e811503bd,login,2026-03-15 05:53:33.556252,,
908,a8604273-dd85-448a-b760-9d97fe15508e,login,2026-03-28 16:33:17.975362,,
909,27189c9c-fe63-479c-afe4-4f36d6c81342,login,2026-03-18 22:08:41.843550,,
910,17f88913-9848-4349-9584-318dadf6d4e8,login,2026-03-19 04:47:02.693127,,
911,cbfd5497-d53e-4b77-9e68-eddc73274354,login,2026-03-25 06:41:18.397620,,
912,e56f8df3-75f4-482e-bedd-91f9dd9ae32d,login,2026-03-18 03:19:14.136708,,
913,38ad2c22-8720-433c-a7e5-ad33975dd719,login,2026-04-04 09:18:10.837965,,
914,0cfa707e-85b9-42e6-8a07-d4fb0f608d1f,login,2026-04-02 01:22:28.300917,,
915,6b2d7557-43ef-45d3-85f6-cf657e613fce,login,2026-03-30 12:19:24.500545,,
916,4ce4884c-d936-4b87-b357-aeb8a54029c3,login,2026-04-02 09:01:08.905693,,
917,401792cf-8cc2-4a53-bfd4-e45815dd2439,login,2026-03-24 03:47:00.441192,,
918,16b249e2-110a-4df5-96a4-e5540165603d,login,2026-03-13 19:29:51.186904,,
919,dce48cfe-7663-4375-8203-cc80244f8226,login,2026-03-28 04:08:50.833876,,
920,b46282e3-3035-4e07-9bf8-998fc7ccc0e7,login,2026-04-01 10:45:10.014128,,
921,7eb9b18c-fd8c-4a1e-878d-d3f4bcfd004d,login,2026-04-03 05:28:42.448384,,
922,39114930-df10-4bf2-a421-a2385b827efc,login,2026-03-28 07:52:20.961509,,
923,6f49ffd8-1183-4b45-b7c5-c4434521922f,login,2026-03-25 17:43:53.987643,,
924,343176dc-beb6-4ba6-a314-d7d79d6aa1f6,login,2026-03-14 20:28:33.087431,,
925,b794a059-9f35-4704-8996-c4e9e1484e5a,login,2026-03-11 00:24:57.283761,,
926,bbc68acc-a135-483e-a9de-e9aebd297e88,login,2026-03-30 15:56:57.557562,,
927,3e84e5af-7f45-497f-85ff-5d92db6ad486,login,2026-04-06 04:22:17.804773,,
928,aa8af17e-99e9-4b93-9f58-0e3351b283ef,login,2026-03-13 06:42:55.803431,,
929,d6951231-2f74-4883-8ec2-dfcaa9a553fe,login,2026-03-28 08:42:48.803775,,
930,aa103dca-4970-47d1-98d3-823b5d2eb1e7,login,2026-03-28 14:46:03.252424,,
931,51ed0aef-c426-4e43-8c28-25412ed26c4b,login,2026-03-23 13:16:16.817904,,
932,3dc822f8-c924-49b3-a0f5-d10f11fa4eaa,login,2026-03-24 05:52:39.919959,,
933,4e0cc065-02f2-4ffb-8c7a-53ef8f1cebcb,login,2026-03-13 11:14:52.337158,,
934,dd5f28ca-f22e-4dc8-b2cb-47c0fd0e53d3,login,2026-03-30 12:13:47.834425,,
935,a49f12d8-704c-4d21-a6ca-dd53c982193c,login,2026-03-30 17:51:06.507524,,
936,54471fb0-0ea0-4af1-900b-a4fa126a031a,login,2026-03-29 13:12:37.380709,,
937,8e66611e-8fa4-437b-a520-617bfe3e9e00,login,2026-04-09 09:32:34.151288,,
938,ac605a6e-573f-4b5e-9393-56bedbae2d62,login,2026-03-19 03:53:17.973287,,
939,3f97a7ba-8d3e-46c0-aded-e40b2915117e,login,2026-03-22 03:38:12.767328,,
940,66198b85-9305-4da7-b273-456601155ee9,login,2026-03-26 17:16:40.960757,,
941,09f2b063-cefb-4892-9a10-b700fc2ff71c,login,2026-04-01 00:33:26.473122,,
942,6e7cbcdf-1609-4f8c-b182-7e1045ba8034,login,2026-03-16 20:17:35.960936,,
943,e2ee906e-f598-4acb-814d-8aa91aae97d4,login,2026-04-01 14:11:32.928875,,
944,2e080787-e938-4da0-8fbe-abb764ce40ac,login,2026-04-07 21:06:39.405408,,
945,6f460dec-6e9a-4ed9-bf41-0d7b759a7abd,login,2026-03-23 06:42:09.895688,,
946,986efed4-cbc6-4ce2-9cd5-909289e46864,login,2026-03-19 21:16:32.260280,,
947,5c886fee-cafa-4bfe-943f-6c0c26256895,login,2026-03-26 06:12:12.842396,,
948,6cb9b9f3-adbf-41b5-955f-fb90301ad279,login,2026-03-14 17:51:09.942867,,
949,b43dc66e-47e1-485c-9b4d-07eb6bfa86d2,login,2026-03-28 19:41:41.974259,,
950,a8330e03-84dd-45f5-9b4c-3bbe1a2bf592,login,2026-04-08 19:54:41.344612,,
951,3cec793d-7aa3-48bd-9ac9-e6a0d7558b75,login,2026-04-04 13:49:52.150388,,
952,ea6a1a10-29be-4939-88cd-966e81c4c5a7,login,2026-04-08 20:20:46.923494,,
953,d445c7a2-2f5a-4e57-9cc1-a1ac96eb7004,login,2026-03-22 06:12:48.155819,,
954,4e1fbeb8-4bda-42df-bcea-abfb46ecedaf,login,2026-03-25 15:41:03.567701,,
955,fd04b111-6bcc-414f-9ac9-94cfc316b228,login,2026-03-11 21:59:07.111161,,
956,2610231d-507b-4869-8bec-0fcf93ba1056,login,2026-04-03 14:22:54.483278,,
957,9c061bfc-67e1-4ec3-be5c-c68a831c8847,login,2026-03-22 21:14:05.013539,,
958,68ad5c69-a092-44f8-aa77-6c3e6fa6bcbe,login,2026-03-11 19:54:57.530200,,
959,0de362e8-2af1-4495-bcc3-6d96a0284b47,login,2026-03-18 02:45:38.506861,,
960,a1948a5e-4d53-4c5a-9316-cbc4456a3149,login,2026-04-01 17:28:35.514854,,
961,6d4e5742-c9f9-4349-9968-5da7ded71ebf,login,2026-04-02 17:13:09.131312,,
962,a0d01959-cbe9-4584-991d-486368962020,login,2026-03-17 16:02:19.415570,,
963,8894a513-41af-4764-8dde-969505bb63c0,login,2026-03-24 06:08:39.566744,,
964,b7bf9298-2199-4837-95d0-07953e74aca4,login,2026-03-24 10:12:53.374538,,
965,b51010b2-07ef-44d0-bb69-d6880346a89a,login,2026-03-27 20:24:50.828244,,
966,d7356243-5e69-4a27-8442-c431a8f87219,login,2026-03-15 01:21:00.311213,,
967,852a737d-d1f6-4d88-93c5-140cc00275bc,login,2026-04-07 02:10:05.148922,,
968,4c328ee1-6cde-41a5-a205-428ea6e3ca2e,login,2026-04-03 15:54:40.447472,,
969,dc4647ba-19da-4fe2-b553-da69cb550d80,login,2026-03-11 01:30:21.499229,,
970,30d013b2-a608-4bf7-b43b-b6b5f4336c27,login,2026-03-27 04:31:29.879080,,
971,479453b5-c142-4e86-9a7d-0db09d1ce2b6,login,2026-04-01 11:38:34.168746,,
972,3295ef8f-efe9-473b-87d6-fda668d5282a,login,2026-03-10 15:17:15.151654,,
973,d1b8beed-2f63-42cc-b167-b3221f7500fe,login,2026-03-20 19:19:25.279328,,
974,b74b8f56-dc11-48a2-ba79-b99631fcbdfa,login,2026-03-17 07:21:49.816399,,
975,d5ad5bef-a6fe-42e3-95bd-325e954d8466,login,2026-03-28 21:08:04.755256,,
976,e013cd6a-9f62-4e74-9554-1db6cbad1fe2,login,2026-03-31 05:16:09.268003,,
977,71c649d2-bb90-41cb-9547-33959318f355,login,2026-03-31 16:24:35.472761,,
978,b85d6d88-ec4d-4a4b-a366-67235909b77c,login,2026-03-30 22:53:36.237229,,
979,95917768-ba4f-40a0-8b43-620233904aff,login,2026-03-18 03:54:12.281281,,
980,65e08967-be26-4775-877b-0d9a4e8841b7,login,2026-03-30 07:58:58.100117,,
981,d03b21b8-e3e3-43a8-a002-6b83c5140e9f,login,2026-03-15 03:50:38.829398,,
982,126dc759-7da9-44a9-8d73-56ddc0fe9185,login,2026-03-18 18:15:32.362573,,
983,a50e0353-45cf-45da-9aaf-52489c6eddbb,login,2026-04-05 04:45:09.366265,,
984,69bda78c-bc1a-4560-9777-a422a612e2b9,login,2026-03-29 03:44:14.225848,,
985,e64b3420-bdd6-42e9-a8cc-9edc08d3071f,login,2026-03-30 16:52:13.020145,,
986,8ce47296-d340-4669-8b47-a30d7abe5205,login,2026-03-31 08:33:33.812003,,
987,2a05564a-c4af-4131-b3e7-7b67e1623ae4,login,2026-04-02 14:49:20.443418,,
988,f8329070-b079-4c51-98b1-a6f961c694cc,login,2026-03-26 07:34:22.253079,,
989,3177c357-5c0a-432a-965b-5e5c90b34269,login,2026-03-21 07:20:57.403683,,
990,73135da5-92c1-4e0c-8493-32e507f4af6d,login,2026-04-08 00:37:11.245548,,
991,d9b459d1-d92a-4f42-9761-2c8dcaf829e5,login,2026-03-15 23:22:38.491917,,
992,caf1d154-3767-4d88-8bb8-72b73f2321e3,login,2026-04-02 10:52:36.847783,,
993,9f5f1afe-c693-4b36-a348-ddc3d7a88a44,login,2026-03-23 05:15:50.408715,,
994,38588833-1350-4559-a824-c90eba39b4de,login,2026-03-29 23:21:44.791858,,
995,b881bdfa-6a62-4a4a-8de2-7b2087e37f34,login,2026-04-02 07:58:22.957641,,
996,398d82cb-7b6d-47ab-bf57-6200bc95ce97,login,2026-04-08 01:32:46.709683,,
997,53b41cb6-2a03-4c38-a8da-89da9bbccb6d,login,2026-03-15 07:15:18.547801,,
998,5106e66f-8ecb-4a90-800e-79ef88e6bcda,login,2026-03-19 17:50:50.979715,,
999,7b20989f-34e6-4e78-abdd-10b004f07b65,login,2026-04-09 08:30:15.174355,,
1000,52bdb904-3091-4230-98eb-2847dac21c6d,login,2026-03-11 11:24:46.313796,,
1001,aa5f62ca-9339-4e93-8cc4-5f80c1d2fd41,login,2026-03-14 02:03:57.032415,,
1002,8b24c4e0-e510-4edd-8982-831be57fcdf5,login,2026-03-19 18:45:08.749462,,
1003,dae5ef73-89b2-4653-a285-88167c9254c5,login,2026-03-15 18:00:50.125296,,
1004,aa7894c2-cac3-4301-9e4e-ae473041a550,login,2026-03-16 13:03:51.044870,,
1005,b7ccd7c1-2efd-46f7-9acc-0ebcdfca3bfe,login,2026-03-21 17:13:05.937352,,
1006,8ccd9f49-a746-4353-8e91-e59db23316da,login,2026-03-29 10:30:08.313064,,
1007,792401fb-7b6b-4871-afa6-b0a49f087fdb,login,2026-04-08 22:46:20.617332,,
1008,004419b4-7d5f-4ece-a12f-731f7291708d,login,2026-03-31 12:32:00.028227,,
1009,2f410aca-7747-4a15-9885-2caafe70e22c,login,2026-03-24 14:34:57.928385,,
1010,4c9920e8-87fa-47d3-81a6-b93ce883bef9,login,2026-03-28 18:05:44.324609,,
1011,c160e01f-bb96-42c0-9d90-caac21c93631,login,2026-03-25 01:27:01.717723,,
1012,774dd099-d04a-4cba-b90a-957d18eb0be6,login,2026-03-29 19:49:54.948711,,
1013,bed8f756-74df-4efa-b90e-a5048dedb842,login,2026-03-27 03:32:54.591349,,
1014,0220a495-c44c-47f2-88fe-332542c7272b,login,2026-03-17 16:27:09.518387,,
1015,3f61c783-2de0-46d5-91c0-7dbd2bed751a,login,2026-03-16 23:03:16.480047,,
1016,d38ac57e-5c92-4d82-9338-798dc5398f0c,login,2026-03-16 05:11:47.585136,,
1017,31c0ee5b-43e4-4bfe-b268-f8fbfd40ac0a,login,2026-03-24 00:13:23.112585,,
1018,a65de510-ec1b-45d3-9047-aeec2304df9e,login,2026-04-01 13:21:35.677528,,
1019,0c14d7e7-c492-4300-bb7c-587d9bc06197,login,2026-03-14 01:16:20.046578,,
1020,306730a2-a9df-4cf1-97b4-b1c5d4708522,login,2026-03-29 00:55:12.240619,,
1021,4178efc8-7d23-445c-809d-99403c37a34e,login,2026-03-30 13:11:15.523245,,
1022,8146268c-2e92-439f-8ae4-5be47bd85db2,login,2026-03-16 10:40:48.027395,,
1023,e0f2c3ed-8ef1-4210-bf9b-dad0992cc70f,login,2026-03-28 13:19:12.013197,,
1024,c5d4fa19-67fa-4635-be2b-f24a161e4647,login,2026-03-29 13:34:22.541494,,
1025,53e1dd9c-6241-402e-8a5c-0e6def4e7e89,login,2026-03-29 17:27:10.108105,,
1026,3a7de120-9a76-46a1-8499-23363e6c0fa4,login,2026-03-14 04:56:37.917448,,
1027,84d353ee-c7e8-4343-8a8f-7e69dd1fc41c,login,2026-03-31 01:53:43.138633,,
1028,e34fecc7-b05b-42d7-9ade-d636d1fa4b21,login,2026-03-13 15:32:42.978047,,
1029,4267180c-28bc-4694-a1c0-357cc48afbb4,login,2026-03-22 03:18:14.319048,,
1030,a6894279-e721-42c1-a7f4-2aede0b54be6,login,2026-03-25 15:08:15.724688,,
1031,cb06ee98-df80-44a0-a40f-5b02d1d594ab,login,2026-03-28 22:55:19.200253,,
1032,8804bc50-bb30-4aee-93d8-cfd832832661,login,2026-03-15 17:09:50.081420,,
1033,8fa1231f-3bc8-4605-8728-a538d656f8d6,login,2026-04-08 17:17:44.088966,,
1034,ad57e260-7d0c-41d3-b449-05cadd9cef07,login,2026-03-29 19:14:16.506830,,
1035,f3538881-eef0-45a2-87bc-a6ba2d096449,login,2026-04-03 09:31:08.292084,,
1036,1a3e9819-4fbe-4155-8b76-bb0a24a241c6,login,2026-03-24 20:09:59.937437,,
1037,138aeb45-f743-401a-99f6-835313132637,login,2026-03-13 13:50:24.854744,,
1038,62ed9133-186b-4b48-802d-3f3deb2806b6,login,2026-03-28 22:53:06.258716,,
1039,8e136cae-c057-45ba-991c-34c6f5e4fffa,login,2026-03-10 13:07:53.050447,,
1040,9a4541dc-0ce2-484b-bc57-a6a27da938f4,login,2026-03-31 04:01:18.953065,,
1041,2bd2e90d-751f-4997-bf2d-cda5aa638474,login,2026-04-07 03:16:33.801813,,
1042,5d23a74d-b6a7-4c68-bde7-4b44b27d4ea7,login,2026-03-13 23:36:21.269322,,
1043,e8a45423-284e-4642-b46c-c022be6efa04,login,2026-04-01 01:28:38.528159,,
1044,8466e1ac-5c5c-48f0-9f28-2c96ddbc8944,login,2026-03-20 00:17:34.361829,,
1045,d90f755a-3284-4984-b3ae-ea3770f9a520,login,2026-03-20 00:33:23.596597,,
1046,d9a13358-0a12-4328-a016-f084eceaefb4,login,2026-04-04 12:02:25.509890,,
1047,98b5dfb0-7569-4708-ba1d-fa4076b91780,login,2026-03-12 09:27:24.618769,,
1048,19c768ea-df9c-4c0e-8a78-13e3122b7d61,login,2026-04-08 11:53:23.849107,,
1049,4ff5f1ee-357c-47c1-be1b-bb8898f1dc21,login,2026-04-04 16:10:34.333880,,
1050,fa14d4de-d322-4bf4-9d44-5399549078a2,login,2026-04-07 14:09:28.974034,,
1051,48cd5213-e9cd-4bdb-ba68-d6c7e3a57523,login,2026-03-23 20:51:22.812701,,
1052,1f90a8b7-6878-467a-8804-3f4bdae54d86,login,2026-03-18 13:42:45.540246,,
1053,29309f61-d66d-46e4-9ede-d47c03362404,login,2026-04-06 10:26:42.147462,,
1054,2bbe6967-6920-4fc7-a0a7-11565d842221,login,2026-04-08 22:58:20.296888,,
1055,2eac5d30-ca2e-4d28-9c42-a9cc7e835e56,login,2026-03-15 09:52:59.835950,,
1056,ed97d4d5-c8f9-493f-909e-5652c027f926,login,2026-04-07 12:14:42.028502,,
1057,95e122bb-abac-440d-9031-ddab793793bb,login,2026-04-03 07:49:25.310911,,
1058,87681570-7ff6-44c5-824a-60e3c79f8bdc,login,2026-04-09 06:46:51.537472,,
1059,8b989d36-0dce-4e52-9269-7bfea9edffe2,login,2026-03-29 22:06:12.496937,,
1060,202bb672-02df-4b12-852b-e9c494e08075,login,2026-03-30 01:02:55.090154,,
1061,025859fd-05d6-4806-b208-c0355f337786,login,2026-03-15 05:08:01.987314,,
1062,96478da8-140f-4098-8d93-10d1078ee7e4,login,2026-03-16 16:52:30.596205,,
1063,12f00068-7e65-4d00-8ea4-25ca65ab7a58,login,2026-04-08 04:58:27.605548,,
1064,bfc7fcfc-7db0-43c4-8d13-aa9b5f88e1ed,login,2026-03-13 17:35:53.838061,,
